id,book_id,year,month,day,keywords
1,1,2020,1,23,python
1,2212,2021,3,30,python
1,80,2021,3,30,python
1,954,2021,3,30,python
1,655,2021,3,30,python
1,666,2021,3,30,python
1,1094,2021,3,30,python
1,1532,2021,3,30,python
1,1822,2021,3,30,python
1,93,2021,3,30,python
1,207,2021,3,30,python
1,631,2021,3,30,investing
1,494,2021,3,30,investing
1,527,2021,3,30,investing
1,876,2021,3,30,investing
1,1175,2021,3,30,investing
1,878,2021,3,30,investing
1,1172,2021,3,30,investing
1,762,2021,3,30,investing
1,1280,2021,3,30,investing
1,797,2021,3,30,investing
1,1698,2021,4,1,sign
1,1698,2021,4,1,business
1,1698,2021,4,1,four
1,1889,2021,4,1,sign
1,1889,2021,4,1,business
1,1889,2021,4,1,four
1,4,2021,4,1,sign
1,4,2021,4,1,business
1,4,2021,4,1,four
1,27,2021,4,1,sign
1,27,2021,4,1,business
1,27,2021,4,1,four
1,47,2021,4,1,sign
1,47,2021,4,1,business
1,47,2021,4,1,four
1,65,2021,4,1,sign
1,65,2021,4,1,business
1,65,2021,4,1,four
1,72,2021,4,1,sign
1,72,2021,4,1,business
1,72,2021,4,1,four
1,87,2021,4,1,sign
1,87,2021,4,1,business
1,87,2021,4,1,four
1,89,2021,4,1,sign
1,89,2021,4,1,business
1,89,2021,4,1,four
1,116,2021,4,1,sign
1,116,2021,4,1,business
1,116,2021,4,1,four
1,631,2021,4,1,investing
1,494,2021,4,1,investing
1,527,2021,4,1,investing
1,876,2021,4,1,investing
1,1175,2021,4,1,investing
1,878,2021,4,1,investing
1,1172,2021,4,1,investing
1,762,2021,4,1,investing
1,1280,2021,4,1,investing
1,797,2021,4,1,investing
1,1698,2021,4,1,dc
1,1698,2021,4,1,sign
1,1698,2021,4,1,business
1,1698,2021,4,1,four
1,1889,2021,4,1,dc
1,1889,2021,4,1,sign
1,1889,2021,4,1,business
1,1889,2021,4,1,four
1,4,2021,4,1,dc
1,4,2021,4,1,sign
1,4,2021,4,1,business
1,4,2021,4,1,four
1,27,2021,4,1,dc
1,27,2021,4,1,sign
1,27,2021,4,1,business
1,27,2021,4,1,four
1,47,2021,4,1,dc
1,47,2021,4,1,sign
1,47,2021,4,1,business
1,47,2021,4,1,four
1,65,2021,4,1,dc
1,65,2021,4,1,sign
1,65,2021,4,1,business
1,65,2021,4,1,four
1,72,2021,4,1,dc
1,72,2021,4,1,sign
1,72,2021,4,1,business
1,72,2021,4,1,four
1,87,2021,4,1,dc
1,87,2021,4,1,sign
1,87,2021,4,1,business
1,87,2021,4,1,four
1,89,2021,4,1,dc
1,89,2021,4,1,sign
1,89,2021,4,1,business
1,89,2021,4,1,four
1,116,2021,4,1,dc
1,116,2021,4,1,sign
1,116,2021,4,1,business
1,116,2021,4,1,four
1,1698,2021,4,1,dc
1,1698,2021,4,1,sign
1,1698,2021,4,1,business
1,1698,2021,4,1,four
1,1889,2021,4,1,dc
1,1889,2021,4,1,sign
1,1889,2021,4,1,business
1,1889,2021,4,1,four
1,4,2021,4,1,dc
1,4,2021,4,1,sign
1,4,2021,4,1,business
1,4,2021,4,1,four
1,27,2021,4,1,dc
1,27,2021,4,1,sign
1,27,2021,4,1,business
1,27,2021,4,1,four
1,47,2021,4,1,dc
1,47,2021,4,1,sign
1,47,2021,4,1,business
1,47,2021,4,1,four
1,65,2021,4,1,dc
1,65,2021,4,1,sign
1,65,2021,4,1,business
1,65,2021,4,1,four
1,72,2021,4,1,dc
1,72,2021,4,1,sign
1,72,2021,4,1,business
1,72,2021,4,1,four
1,87,2021,4,1,dc
1,87,2021,4,1,sign
1,87,2021,4,1,business
1,87,2021,4,1,four
1,89,2021,4,1,dc
1,89,2021,4,1,sign
1,89,2021,4,1,business
1,89,2021,4,1,four
1,116,2021,4,1,dc
1,116,2021,4,1,sign
1,116,2021,4,1,business
1,116,2021,4,1,four
1,737,2021,4,1,data
1,737,2021,4,1,structures
1,22,2021,4,1,data
1,22,2021,4,1,structures
1,81,2021,4,1,data
1,81,2021,4,1,structures
1,159,2021,4,1,data
1,159,2021,4,1,structures
1,227,2021,4,1,data
1,227,2021,4,1,structures
1,307,2021,4,1,data
1,307,2021,4,1,structures
1,308,2021,4,1,data
1,308,2021,4,1,structures
1,310,2021,4,1,data
1,310,2021,4,1,structures
1,343,2021,4,1,data
1,343,2021,4,1,structures
1,1791,2021,4,1,data
1,1791,2021,4,1,structures
1,117,2021,4,1,data
1,117,2021,4,1,structure
1,633,2021,4,1,data
1,633,2021,4,1,structure
1,32,2021,4,1,data
1,32,2021,4,1,structure
1,40,2021,4,1,data
1,40,2021,4,1,structure
1,68,2021,4,1,data
1,68,2021,4,1,structure
1,127,2021,4,1,data
1,127,2021,4,1,structure
1,243,2021,4,1,data
1,243,2021,4,1,structure
1,326,2021,4,1,data
1,326,2021,4,1,structure
1,422,2021,4,1,data
1,422,2021,4,1,structure
1,563,2021,4,1,data
1,563,2021,4,1,structure
1,737,2021,4,1,data
1,737,2021,4,1,structures
1,22,2021,4,1,data
1,22,2021,4,1,structures
1,81,2021,4,1,data
1,81,2021,4,1,structures
1,159,2021,4,1,data
1,159,2021,4,1,structures
1,227,2021,4,1,data
1,227,2021,4,1,structures
1,307,2021,4,1,data
1,307,2021,4,1,structures
1,308,2021,4,1,data
1,308,2021,4,1,structures
1,310,2021,4,1,data
1,310,2021,4,1,structures
1,343,2021,4,1,data
1,343,2021,4,1,structures
1,1791,2021,4,1,data
1,1791,2021,4,1,structures
1,737,2021,4,1,data
1,737,2021,4,1,structures
1,22,2021,4,1,data
1,22,2021,4,1,structures
1,81,2021,4,1,data
1,81,2021,4,1,structures
1,159,2021,4,1,data
1,159,2021,4,1,structures
1,227,2021,4,1,data
1,227,2021,4,1,structures
1,307,2021,4,1,data
1,307,2021,4,1,structures
1,308,2021,4,1,data
1,308,2021,4,1,structures
1,310,2021,4,1,data
1,310,2021,4,1,structures
1,343,2021,4,1,data
1,343,2021,4,1,structures
1,1791,2021,4,1,data
1,1791,2021,4,1,structures
1,672,2021,4,1,data
1,37,2021,4,1,data
1,713,2021,4,1,data
1,959,2021,4,1,data
1,1321,2021,4,1,data
1,58,2021,4,1,data
1,956,2021,4,1,data
1,750,2021,4,1,data
1,739,2021,4,1,data
1,69,2021,4,1,data
1,631,2021,4,4,investing
1,494,2021,4,4,investing
1,527,2021,4,4,investing
1,876,2021,4,4,investing
1,1175,2021,4,4,investing
1,878,2021,4,4,investing
1,1172,2021,4,4,investing
1,762,2021,4,4,investing
1,1280,2021,4,4,investing
1,797,2021,4,4,investing
1,631,2021,4,4,investing
1,494,2021,4,4,investing
1,527,2021,4,4,investing
1,876,2021,4,4,investing
1,1175,2021,4,4,investing
1,878,2021,4,4,investing
1,1172,2021,4,4,investing
1,762,2021,4,4,investing
1,1280,2021,4,4,investing
1,797,2021,4,4,investing
1,501,2021,4,4,business
1,501,2021,4,4,ideas
1,172,2021,4,4,business
1,172,2021,4,4,ideas
1,931,2021,4,4,business
1,931,2021,4,4,ideas
1,141,2021,4,4,business
1,141,2021,4,4,ideas
1,2,2021,4,4,business
1,2,2021,4,4,ideas
1,11,2021,4,4,business
1,11,2021,4,4,ideas
1,33,2021,4,4,business
1,33,2021,4,4,ideas
1,34,2021,4,4,business
1,34,2021,4,4,ideas
1,48,2021,4,4,business
1,48,2021,4,4,ideas
1,66,2021,4,4,business
1,66,2021,4,4,ideas
1,501,2021,4,4,business
1,501,2021,4,4,ideas
1,172,2021,4,4,business
1,172,2021,4,4,ideas
1,931,2021,4,4,business
1,931,2021,4,4,ideas
1,141,2021,4,4,business
1,141,2021,4,4,ideas
1,2,2021,4,4,business
1,2,2021,4,4,ideas
1,11,2021,4,4,business
1,11,2021,4,4,ideas
1,33,2021,4,4,business
1,33,2021,4,4,ideas
1,34,2021,4,4,business
1,34,2021,4,4,ideas
1,48,2021,4,4,business
1,48,2021,4,4,ideas
1,66,2021,4,4,business
1,66,2021,4,4,ideas
1,631,2021,4,4,investing
1,494,2021,4,4,investing
1,527,2021,4,4,investing
1,876,2021,4,4,investing
1,1175,2021,4,4,investing
1,878,2021,4,4,investing
1,1172,2021,4,4,investing
1,762,2021,4,4,investing
1,1280,2021,4,4,investing
1,797,2021,4,4,investing
1,501,2021,4,4,business
1,501,2021,4,4,ideas
1,172,2021,4,4,business
1,172,2021,4,4,ideas
1,931,2021,4,4,business
1,931,2021,4,4,ideas
1,141,2021,4,4,business
1,141,2021,4,4,ideas
1,2,2021,4,4,business
1,2,2021,4,4,ideas
1,11,2021,4,4,business
1,11,2021,4,4,ideas
1,33,2021,4,4,business
1,33,2021,4,4,ideas
1,34,2021,4,4,business
1,34,2021,4,4,ideas
1,48,2021,4,4,business
1,48,2021,4,4,ideas
1,66,2021,4,4,business
1,66,2021,4,4,ideas
1,631,2021,4,4,investing
1,494,2021,4,4,investing
1,527,2021,4,4,investing
1,876,2021,4,4,investing
1,1175,2021,4,4,investing
1,878,2021,4,4,investing
1,1172,2021,4,4,investing
1,762,2021,4,4,investing
1,1280,2021,4,4,investing
1,797,2021,4,4,investing
1,53,2021,4,5,342
1,207,2021,4,5,342
1,2201,2021,4,5,342
1,2207,2021,4,5,342
1,16,2021,4,5,342
1,21,2021,4,5,342
1,62,2021,4,5,342
1,67,2021,4,5,342
1,69,2021,4,5,342
1,74,2021,4,5,342
1,1350,2021,4,5,~%389
1,1838,2021,4,5,~%389
1,15,2021,4,5,~%389
1,53,2021,4,5,~%389
1,67,2021,4,5,~%389
1,69,2021,4,5,~%389
1,80,2021,4,5,~%389
1,137,2021,4,5,~%389
1,158,2021,4,5,~%389
1,166,2021,4,5,~%389
1,631,2021,4,15,investing
1,494,2021,4,15,investing
1,527,2021,4,15,investing
1,876,2021,4,15,investing
1,1175,2021,4,15,investing
1,878,2021,4,15,investing
1,1172,2021,4,15,investing
1,762,2021,4,15,investing
1,1280,2021,4,15,investing
1,797,2021,4,15,investing
1,631,2021,4,15,investing
1,494,2021,4,15,investing
1,527,2021,4,15,investing
1,876,2021,4,15,investing
1,1175,2021,4,15,investing
1,878,2021,4,15,investing
1,1172,2021,4,15,investing
1,762,2021,4,15,investing
1,1280,2021,4,15,investing
1,797,2021,4,15,investing
1,1048,2021,4,15,stories
1,235,2021,4,15,stories
1,37,2021,4,15,stories
1,599,2021,4,15,stories
1,1623,2021,4,15,stories
1,1783,2021,4,15,stories
1,32,2021,4,15,stories
1,2106,2021,4,15,stories
1,820,2021,4,15,stories
1,33,2021,4,15,stories
1,1861,2021,4,15,universe
1,1282,2021,4,15,universe
1,1213,2021,4,15,universe
1,2107,2021,4,15,universe
1,1295,2021,4,15,universe
1,723,2021,4,15,universe
1,1430,2021,4,15,universe
1,1281,2021,4,15,universe
1,2048,2021,4,15,universe
1,1569,2021,4,15,universe
1,407,2021,4,15,the
1,407,2021,4,15,eyes
1,407,2021,4,15,affair
1,1210,2021,4,15,the
1,1210,2021,4,15,eyes
1,1210,2021,4,15,affair
1,1422,2021,4,15,the
1,1422,2021,4,15,eyes
1,1422,2021,4,15,affair
1,1468,2021,4,15,the
1,1468,2021,4,15,eyes
1,1468,2021,4,15,affair
1,1560,2021,4,15,the
1,1560,2021,4,15,eyes
1,1560,2021,4,15,affair
1,1569,2021,4,15,the
1,1569,2021,4,15,eyes
1,1569,2021,4,15,affair
1,1588,2021,4,15,the
1,1588,2021,4,15,eyes
1,1588,2021,4,15,affair
1,1658,2021,4,15,the
1,1658,2021,4,15,eyes
1,1658,2021,4,15,affair
1,1678,2021,4,15,the
1,1678,2021,4,15,eyes
1,1678,2021,4,15,affair
1,1699,2021,4,15,the
1,1699,2021,4,15,eyes
1,1699,2021,4,15,affair
1,1210,2021,4,15,the
1,1210,2021,4,15,book
1,1210,2021,4,15,thief
1,1676,2021,4,15,the
1,1676,2021,4,15,book
1,1676,2021,4,15,thief
1,2101,2021,4,15,the
1,2101,2021,4,15,book
1,2101,2021,4,15,thief
1,1391,2021,4,15,the
1,1391,2021,4,15,book
1,1391,2021,4,15,thief
1,1431,2021,4,15,the
1,1431,2021,4,15,book
1,1431,2021,4,15,thief
1,1455,2021,4,15,the
1,1455,2021,4,15,book
1,1455,2021,4,15,thief
1,1581,2021,4,15,the
1,1581,2021,4,15,book
1,1581,2021,4,15,thief
1,1827,2021,4,15,the
1,1827,2021,4,15,book
1,1827,2021,4,15,thief
1,1840,2021,4,15,the
1,1840,2021,4,15,book
1,1840,2021,4,15,thief
1,1882,2021,4,15,the
1,1882,2021,4,15,book
1,1882,2021,4,15,thief
1,834,2021,4,15,the
1,834,2021,4,15,book
1,834,2021,4,15,thieves
1,833,2021,4,15,the
1,833,2021,4,15,book
1,833,2021,4,15,thieves
1,948,2021,4,15,the
1,948,2021,4,15,book
1,948,2021,4,15,thieves
1,972,2021,4,15,the
1,972,2021,4,15,book
1,972,2021,4,15,thieves
1,1431,2021,4,15,the
1,1431,2021,4,15,book
1,1431,2021,4,15,thieves
1,1763,2021,4,15,the
1,1763,2021,4,15,book
1,1763,2021,4,15,thieves
1,1840,2021,4,15,the
1,1840,2021,4,15,book
1,1840,2021,4,15,thieves
1,2003,2021,4,15,the
1,2003,2021,4,15,book
1,2003,2021,4,15,thieves
1,3,2021,4,15,the
1,3,2021,4,15,book
1,3,2021,4,15,thieves
1,5,2021,4,15,the
1,5,2021,4,15,book
1,5,2021,4,15,thieves
1,95,2021,4,15,throne
1,95,2021,4,15,of
1,95,2021,4,15,glasses
1,121,2021,4,15,throne
1,121,2021,4,15,of
1,121,2021,4,15,glasses
1,430,2021,4,15,throne
1,430,2021,4,15,of
1,430,2021,4,15,glasses
1,1457,2021,4,15,throne
1,1457,2021,4,15,of
1,1457,2021,4,15,glasses
1,1500,2021,4,15,throne
1,1500,2021,4,15,of
1,1500,2021,4,15,glasses
1,1220,2021,4,15,throne
1,1220,2021,4,15,of
1,1220,2021,4,15,glasses
1,1272,2021,4,15,throne
1,1272,2021,4,15,of
1,1272,2021,4,15,glasses
1,1313,2021,4,15,throne
1,1313,2021,4,15,of
1,1313,2021,4,15,glasses
1,1328,2021,4,15,throne
1,1328,2021,4,15,of
1,1328,2021,4,15,glasses
1,1987,2021,4,15,throne
1,1987,2021,4,15,of
1,1987,2021,4,15,glasses
1,954,2021,4,15,blindnesz
1,80,2021,4,15,blindnesz
1,1094,2021,4,15,blindnesz
1,666,2021,4,15,blindnesz
1,1532,2021,4,15,blindnesz
1,1694,2021,4,15,blindnesz
1,1822,2021,4,15,blindnesz
1,93,2021,4,15,blindnesz
1,655,2021,4,15,blindnesz
1,1775,2021,4,15,blindnesz
1,1457,2021,4,15,blindness
1,153,2021,4,15,blindness
1,954,2021,4,15,blindness
1,80,2021,4,15,blindness
1,1532,2021,4,15,blindness
1,666,2021,4,15,blindness
1,1094,2021,4,15,blindness
1,1694,2021,4,15,blindness
1,93,2021,4,15,blindness
1,655,2021,4,15,blindness
1,666,2021,4,15,sam
1,666,2021,4,15,walton
1,502,2021,4,15,sam
1,502,2021,4,15,walton
1,269,2021,4,15,sam
1,269,2021,4,15,walton
1,393,2021,4,15,sam
1,393,2021,4,15,walton
1,359,2021,4,15,sam
1,359,2021,4,15,walton
1,142,2021,4,15,sam
1,142,2021,4,15,walton
1,263,2021,4,15,sam
1,263,2021,4,15,walton
1,265,2021,4,15,sam
1,265,2021,4,15,walton
1,507,2021,4,15,sam
1,507,2021,4,15,walton
1,515,2021,4,15,sam
1,515,2021,4,15,walton
1,1067,2021,4,15,business
1,1067,2021,4,15,books
1,835,2021,4,15,business
1,835,2021,4,15,books
1,615,2021,4,15,business
1,615,2021,4,15,books
1,1151,2021,4,15,business
1,1151,2021,4,15,books
1,936,2021,4,15,business
1,936,2021,4,15,books
1,852,2021,4,15,business
1,852,2021,4,15,books
1,1141,2021,4,15,business
1,1141,2021,4,15,books
1,502,2021,4,15,business
1,502,2021,4,15,books
1,507,2021,4,15,business
1,507,2021,4,15,books
1,1085,2021,4,15,business
1,1085,2021,4,15,books
1,833,2021,4,15,thieves
1,2003,2021,4,15,thieves
1,1763,2021,4,15,thieves
1,1840,2021,4,15,thieves
1,948,2021,4,15,thieves
1,834,2021,4,15,thieves
1,1431,2021,4,15,thieves
1,972,2021,4,15,thieves
1,80,2021,4,15,thieves
1,954,2021,4,15,thieves
1,3,2021,4,15,the
1,3,2021,4,15,book
1,3,2021,4,15,thievez
1,5,2021,4,15,the
1,5,2021,4,15,book
1,5,2021,4,15,thievez
1,7,2021,4,15,the
1,7,2021,4,15,book
1,7,2021,4,15,thievez
1,8,2021,4,15,the
1,8,2021,4,15,book
1,8,2021,4,15,thievez
1,9,2021,4,15,the
1,9,2021,4,15,book
1,9,2021,4,15,thievez
1,11,2021,4,15,the
1,11,2021,4,15,book
1,11,2021,4,15,thievez
1,12,2021,4,15,the
1,12,2021,4,15,book
1,12,2021,4,15,thievez
1,13,2021,4,15,the
1,13,2021,4,15,book
1,13,2021,4,15,thievez
1,14,2021,4,15,the
1,14,2021,4,15,book
1,14,2021,4,15,thievez
1,16,2021,4,15,the
1,16,2021,4,15,book
1,16,2021,4,15,thievez
1,834,2021,4,15,the
1,834,2021,4,15,book
1,834,2021,4,15,thieves
1,833,2021,4,15,the
1,833,2021,4,15,book
1,833,2021,4,15,thieves
1,948,2021,4,15,the
1,948,2021,4,15,book
1,948,2021,4,15,thieves
1,972,2021,4,15,the
1,972,2021,4,15,book
1,972,2021,4,15,thieves
1,1431,2021,4,15,the
1,1431,2021,4,15,book
1,1431,2021,4,15,thieves
1,1763,2021,4,15,the
1,1763,2021,4,15,book
1,1763,2021,4,15,thieves
1,1840,2021,4,15,the
1,1840,2021,4,15,book
1,1840,2021,4,15,thieves
1,2003,2021,4,15,the
1,2003,2021,4,15,book
1,2003,2021,4,15,thieves
1,3,2021,4,15,the
1,3,2021,4,15,book
1,3,2021,4,15,thieves
1,5,2021,4,15,the
1,5,2021,4,15,book
1,5,2021,4,15,thieves
1,3,2021,4,15,the
1,3,2021,4,15,book
1,3,2021,4,15,thiev
1,5,2021,4,15,the
1,5,2021,4,15,book
1,5,2021,4,15,thiev
1,7,2021,4,15,the
1,7,2021,4,15,book
1,7,2021,4,15,thiev
1,8,2021,4,15,the
1,8,2021,4,15,book
1,8,2021,4,15,thiev
1,9,2021,4,15,the
1,9,2021,4,15,book
1,9,2021,4,15,thiev
1,11,2021,4,15,the
1,11,2021,4,15,book
1,11,2021,4,15,thiev
1,12,2021,4,15,the
1,12,2021,4,15,book
1,12,2021,4,15,thiev
1,13,2021,4,15,the
1,13,2021,4,15,book
1,13,2021,4,15,thiev
1,14,2021,4,15,the
1,14,2021,4,15,book
1,14,2021,4,15,thiev
1,16,2021,4,15,the
1,16,2021,4,15,book
1,16,2021,4,15,thiev
1,1210,2021,4,15,the
1,1210,2021,4,15,book
1,1210,2021,4,15,thief
1,1676,2021,4,15,the
1,1676,2021,4,15,book
1,1676,2021,4,15,thief
1,2101,2021,4,15,the
1,2101,2021,4,15,book
1,2101,2021,4,15,thief
1,1391,2021,4,15,the
1,1391,2021,4,15,book
1,1391,2021,4,15,thief
1,1431,2021,4,15,the
1,1431,2021,4,15,book
1,1431,2021,4,15,thief
1,1455,2021,4,15,the
1,1455,2021,4,15,book
1,1455,2021,4,15,thief
1,1581,2021,4,15,the
1,1581,2021,4,15,book
1,1581,2021,4,15,thief
1,1827,2021,4,15,the
1,1827,2021,4,15,book
1,1827,2021,4,15,thief
1,1840,2021,4,15,the
1,1840,2021,4,15,book
1,1840,2021,4,15,thief
1,1882,2021,4,15,the
1,1882,2021,4,15,book
1,1882,2021,4,15,thief
1,1491,2021,4,15,hard
1,1491,2021,4,15,time
1,425,2021,4,15,hard
1,425,2021,4,15,time
1,2101,2021,4,15,hard
1,2101,2021,4,15,time
1,38,2021,4,15,hard
1,38,2021,4,15,time
1,186,2021,4,15,hard
1,186,2021,4,15,time
1,262,2021,4,15,hard
1,262,2021,4,15,time
1,309,2021,4,15,hard
1,309,2021,4,15,time
1,310,2021,4,15,hard
1,310,2021,4,15,time
1,329,2021,4,15,hard
1,329,2021,4,15,time
1,332,2021,4,15,hard
1,332,2021,4,15,time
1,31,2021,4,15,hard
1,31,2021,4,15,timez
1,32,2021,4,15,hard
1,32,2021,4,15,timez
1,38,2021,4,15,hard
1,38,2021,4,15,timez
1,41,2021,4,15,hard
1,41,2021,4,15,timez
1,79,2021,4,15,hard
1,79,2021,4,15,timez
1,99,2021,4,15,hard
1,99,2021,4,15,timez
1,117,2021,4,15,hard
1,117,2021,4,15,timez
1,126,2021,4,15,hard
1,126,2021,4,15,timez
1,148,2021,4,15,hard
1,148,2021,4,15,timez
1,153,2021,4,15,hard
1,153,2021,4,15,timez
1,954,2021,4,15,blindznes
1,80,2021,4,15,blindznes
1,1094,2021,4,15,blindznes
1,666,2021,4,15,blindznes
1,1532,2021,4,15,blindznes
1,1694,2021,4,15,blindznes
1,93,2021,4,15,blindznes
1,655,2021,4,15,blindznes
1,1775,2021,4,15,blindznes
1,1822,2021,4,15,blindznes
1,1457,2021,4,15,blindness
1,153,2021,4,15,blindness
1,954,2021,4,15,blindness
1,80,2021,4,15,blindness
1,1532,2021,4,15,blindness
1,666,2021,4,15,blindness
1,1094,2021,4,15,blindness
1,1694,2021,4,15,blindness
1,93,2021,4,15,blindness
1,655,2021,4,15,blindness
1,1457,2021,4,15,jose
1,1457,2021,4,15,saramago
1,857,2021,4,15,jose
1,857,2021,4,15,saramago
1,954,2021,4,15,jose
1,954,2021,4,15,saramago
1,1532,2021,4,15,jose
1,1532,2021,4,15,saramago
1,80,2021,4,15,jose
1,80,2021,4,15,saramago
1,666,2021,4,15,jose
1,666,2021,4,15,saramago
1,1094,2021,4,15,jose
1,1094,2021,4,15,saramago
1,207,2021,4,15,jose
1,207,2021,4,15,saramago
1,1694,2021,4,15,jose
1,1694,2021,4,15,saramago
1,93,2021,4,15,jose
1,93,2021,4,15,saramago
1,1247,2021,4,15,the
1,1247,2021,4,15,secret
1,1247,2021,4,15,life
1,1247,2021,4,15,of
1,1247,2021,4,15,bee
1,2056,2021,4,15,the
1,2056,2021,4,15,secret
1,2056,2021,4,15,life
1,2056,2021,4,15,of
1,2056,2021,4,15,bee
1,659,2021,4,15,the
1,659,2021,4,15,secret
1,659,2021,4,15,life
1,659,2021,4,15,of
1,659,2021,4,15,bee
1,1294,2021,4,15,the
1,1294,2021,4,15,secret
1,1294,2021,4,15,life
1,1294,2021,4,15,of
1,1294,2021,4,15,bee
1,2301,2021,4,15,the
1,2301,2021,4,15,secret
1,2301,2021,4,15,life
1,2301,2021,4,15,of
1,2301,2021,4,15,bee
1,47,2021,4,15,the
1,47,2021,4,15,secret
1,47,2021,4,15,life
1,47,2021,4,15,of
1,47,2021,4,15,bee
1,78,2021,4,15,the
1,78,2021,4,15,secret
1,78,2021,4,15,life
1,78,2021,4,15,of
1,78,2021,4,15,bee
1,105,2021,4,15,the
1,105,2021,4,15,secret
1,105,2021,4,15,life
1,105,2021,4,15,of
1,105,2021,4,15,bee
1,167,2021,4,15,the
1,167,2021,4,15,secret
1,167,2021,4,15,life
1,167,2021,4,15,of
1,167,2021,4,15,bee
1,240,2021,4,15,the
1,240,2021,4,15,secret
1,240,2021,4,15,life
1,240,2021,4,15,of
1,240,2021,4,15,bee
1,631,2021,4,15,buffett
1,494,2021,4,15,buffett
1,324,2021,4,15,buffett
1,320,2021,4,15,buffett
1,722,2021,4,15,buffett
1,376,2021,4,15,buffett
1,241,2021,4,15,buffett
1,141,2021,4,15,buffett
1,1152,2021,4,15,buffett
1,7,2021,4,15,buffett
1,457,2021,4,15,machine
1,457,2021,4,15,learning
1,457,2021,4,15,books
1,1082,2021,4,15,machine
1,1082,2021,4,15,learning
1,1082,2021,4,15,books
1,196,2021,4,15,machine
1,196,2021,4,15,learning
1,196,2021,4,15,books
1,247,2021,4,15,machine
1,247,2021,4,15,learning
1,247,2021,4,15,books
1,269,2021,4,15,machine
1,269,2021,4,15,learning
1,269,2021,4,15,books
1,946,2021,4,15,machine
1,946,2021,4,15,learning
1,946,2021,4,15,books
1,1286,2021,4,15,machine
1,1286,2021,4,15,learning
1,1286,2021,4,15,books
1,127,2021,4,15,machine
1,127,2021,4,15,learning
1,127,2021,4,15,books
1,354,2021,4,15,machine
1,354,2021,4,15,learning
1,354,2021,4,15,books
1,723,2021,4,15,machine
1,723,2021,4,15,learning
1,723,2021,4,15,books
1,300,2021,4,15,habits
1,300,2021,4,15,of
1,300,2021,4,15,good
1,300,2021,4,15,man
1,345,2021,4,15,habits
1,345,2021,4,15,of
1,345,2021,4,15,good
1,345,2021,4,15,man
1,647,2021,4,15,habits
1,647,2021,4,15,of
1,647,2021,4,15,good
1,647,2021,4,15,man
1,753,2021,4,15,habits
1,753,2021,4,15,of
1,753,2021,4,15,good
1,753,2021,4,15,man
1,763,2021,4,15,habits
1,763,2021,4,15,of
1,763,2021,4,15,good
1,763,2021,4,15,man
1,837,2021,4,15,habits
1,837,2021,4,15,of
1,837,2021,4,15,good
1,837,2021,4,15,man
1,838,2021,4,15,habits
1,838,2021,4,15,of
1,838,2021,4,15,good
1,838,2021,4,15,man
1,918,2021,4,15,habits
1,918,2021,4,15,of
1,918,2021,4,15,good
1,918,2021,4,15,man
1,271,2021,4,15,habits
1,271,2021,4,15,of
1,271,2021,4,15,good
1,271,2021,4,15,man
1,113,2021,4,15,habits
1,113,2021,4,15,of
1,113,2021,4,15,good
1,113,2021,4,15,man
1,1,2021,4,15,what
1,1,2021,4,15,to
1,1,2021,4,15,do
1,1,2021,4,15,today
1,40,2021,4,15,what
1,40,2021,4,15,to
1,40,2021,4,15,do
1,40,2021,4,15,today
1,52,2021,4,15,what
1,52,2021,4,15,to
1,52,2021,4,15,do
1,52,2021,4,15,today
1,64,2021,4,15,what
1,64,2021,4,15,to
1,64,2021,4,15,do
1,64,2021,4,15,today
1,70,2021,4,15,what
1,70,2021,4,15,to
1,70,2021,4,15,do
1,70,2021,4,15,today
1,78,2021,4,15,what
1,78,2021,4,15,to
1,78,2021,4,15,do
1,78,2021,4,15,today
1,110,2021,4,15,what
1,110,2021,4,15,to
1,110,2021,4,15,do
1,110,2021,4,15,today
1,148,2021,4,15,what
1,148,2021,4,15,to
1,148,2021,4,15,do
1,148,2021,4,15,today
1,173,2021,4,15,what
1,173,2021,4,15,to
1,173,2021,4,15,do
1,173,2021,4,15,today
1,178,2021,4,15,what
1,178,2021,4,15,to
1,178,2021,4,15,do
1,178,2021,4,15,today
1,10,2021,4,15,how
1,10,2021,4,15,to
1,10,2021,4,15,help
1,10,2021,4,15,people
1,27,2021,4,15,how
1,27,2021,4,15,to
1,27,2021,4,15,help
1,27,2021,4,15,people
1,36,2021,4,15,how
1,36,2021,4,15,to
1,36,2021,4,15,help
1,36,2021,4,15,people
1,64,2021,4,15,how
1,64,2021,4,15,to
1,64,2021,4,15,help
1,64,2021,4,15,people
1,78,2021,4,15,how
1,78,2021,4,15,to
1,78,2021,4,15,help
1,78,2021,4,15,people
1,91,2021,4,15,how
1,91,2021,4,15,to
1,91,2021,4,15,help
1,91,2021,4,15,people
1,95,2021,4,15,how
1,95,2021,4,15,to
1,95,2021,4,15,help
1,95,2021,4,15,people
1,100,2021,4,15,how
1,100,2021,4,15,to
1,100,2021,4,15,help
1,100,2021,4,15,people
1,105,2021,4,15,how
1,105,2021,4,15,to
1,105,2021,4,15,help
1,105,2021,4,15,people
1,124,2021,4,15,how
1,124,2021,4,15,to
1,124,2021,4,15,help
1,124,2021,4,15,people
1,9,2021,4,15,how
1,9,2021,4,15,to
1,9,2021,4,15,become
1,9,2021,4,15,a
1,9,2021,4,15,leader
1,36,2021,4,15,how
1,36,2021,4,15,to
1,36,2021,4,15,become
1,36,2021,4,15,a
1,36,2021,4,15,leader
1,38,2021,4,15,how
1,38,2021,4,15,to
1,38,2021,4,15,become
1,38,2021,4,15,a
1,38,2021,4,15,leader
1,120,2021,4,15,how
1,120,2021,4,15,to
1,120,2021,4,15,become
1,120,2021,4,15,a
1,120,2021,4,15,leader
1,281,2021,4,15,how
1,281,2021,4,15,to
1,281,2021,4,15,become
1,281,2021,4,15,a
1,281,2021,4,15,leader
1,388,2021,4,15,how
1,388,2021,4,15,to
1,388,2021,4,15,become
1,388,2021,4,15,a
1,388,2021,4,15,leader
1,661,2021,4,15,how
1,661,2021,4,15,to
1,661,2021,4,15,become
1,661,2021,4,15,a
1,661,2021,4,15,leader
1,701,2021,4,15,how
1,701,2021,4,15,to
1,701,2021,4,15,become
1,701,2021,4,15,a
1,701,2021,4,15,leader
1,841,2021,4,15,how
1,841,2021,4,15,to
1,841,2021,4,15,become
1,841,2021,4,15,a
1,841,2021,4,15,leader
1,932,2021,4,15,how
1,932,2021,4,15,to
1,932,2021,4,15,become
1,932,2021,4,15,a
1,932,2021,4,15,leader
1,561,2021,4,15,How
1,561,2021,4,15,to
1,561,2021,4,15,overcome
1,561,2021,4,15,our
1,561,2021,4,15,stress
1,111,2021,4,15,How
1,111,2021,4,15,to
1,111,2021,4,15,overcome
1,111,2021,4,15,our
1,111,2021,4,15,stress
1,837,2021,4,15,How
1,837,2021,4,15,to
1,837,2021,4,15,overcome
1,837,2021,4,15,our
1,837,2021,4,15,stress
1,162,2021,4,15,How
1,162,2021,4,15,to
1,162,2021,4,15,overcome
1,162,2021,4,15,our
1,162,2021,4,15,stress
1,344,2021,4,15,How
1,344,2021,4,15,to
1,344,2021,4,15,overcome
1,344,2021,4,15,our
1,344,2021,4,15,stress
1,387,2021,4,15,How
1,387,2021,4,15,to
1,387,2021,4,15,overcome
1,387,2021,4,15,our
1,387,2021,4,15,stress
1,506,2021,4,15,How
1,506,2021,4,15,to
1,506,2021,4,15,overcome
1,506,2021,4,15,our
1,506,2021,4,15,stress
1,596,2021,4,15,How
1,596,2021,4,15,to
1,596,2021,4,15,overcome
1,596,2021,4,15,our
1,596,2021,4,15,stress
1,697,2021,4,15,How
1,697,2021,4,15,to
1,697,2021,4,15,overcome
1,697,2021,4,15,our
1,697,2021,4,15,stress
1,853,2021,4,15,How
1,853,2021,4,15,to
1,853,2021,4,15,overcome
1,853,2021,4,15,our
1,853,2021,4,15,stress
1,496,2021,4,15,i
1,496,2021,4,15,want
1,496,2021,4,15,to
1,496,2021,4,15,start
1,496,2021,4,15,a
1,496,2021,4,15,new
1,496,2021,4,15,habit
1,496,2021,4,15,from
1,496,2021,4,15,today
1,645,2021,4,15,i
1,645,2021,4,15,want
1,645,2021,4,15,to
1,645,2021,4,15,start
1,645,2021,4,15,a
1,645,2021,4,15,new
1,645,2021,4,15,habit
1,645,2021,4,15,from
1,645,2021,4,15,today
1,1101,2021,4,15,i
1,1101,2021,4,15,want
1,1101,2021,4,15,to
1,1101,2021,4,15,start
1,1101,2021,4,15,a
1,1101,2021,4,15,new
1,1101,2021,4,15,habit
1,1101,2021,4,15,from
1,1101,2021,4,15,today
1,926,2021,4,15,i
1,926,2021,4,15,want
1,926,2021,4,15,to
1,926,2021,4,15,start
1,926,2021,4,15,a
1,926,2021,4,15,new
1,926,2021,4,15,habit
1,926,2021,4,15,from
1,926,2021,4,15,today
1,396,2021,4,15,i
1,396,2021,4,15,want
1,396,2021,4,15,to
1,396,2021,4,15,start
1,396,2021,4,15,a
1,396,2021,4,15,new
1,396,2021,4,15,habit
1,396,2021,4,15,from
1,396,2021,4,15,today
1,1022,2021,4,15,i
1,1022,2021,4,15,want
1,1022,2021,4,15,to
1,1022,2021,4,15,start
1,1022,2021,4,15,a
1,1022,2021,4,15,new
1,1022,2021,4,15,habit
1,1022,2021,4,15,from
1,1022,2021,4,15,today
1,1070,2021,4,15,i
1,1070,2021,4,15,want
1,1070,2021,4,15,to
1,1070,2021,4,15,start
1,1070,2021,4,15,a
1,1070,2021,4,15,new
1,1070,2021,4,15,habit
1,1070,2021,4,15,from
1,1070,2021,4,15,today
1,34,2021,4,15,i
1,34,2021,4,15,want
1,34,2021,4,15,to
1,34,2021,4,15,start
1,34,2021,4,15,a
1,34,2021,4,15,new
1,34,2021,4,15,habit
1,34,2021,4,15,from
1,34,2021,4,15,today
1,111,2021,4,15,i
1,111,2021,4,15,want
1,111,2021,4,15,to
1,111,2021,4,15,start
1,111,2021,4,15,a
1,111,2021,4,15,new
1,111,2021,4,15,habit
1,111,2021,4,15,from
1,111,2021,4,15,today
1,328,2021,4,15,i
1,328,2021,4,15,want
1,328,2021,4,15,to
1,328,2021,4,15,start
1,328,2021,4,15,a
1,328,2021,4,15,new
1,328,2021,4,15,habit
1,328,2021,4,15,from
1,328,2021,4,15,today
1,56,2021,4,15,how
1,56,2021,4,15,to
1,56,2021,4,15,negotiate
1,56,2021,4,15,our
1,56,2021,4,15,salary
1,461,2021,4,15,how
1,461,2021,4,15,to
1,461,2021,4,15,negotiate
1,461,2021,4,15,our
1,461,2021,4,15,salary
1,343,2021,4,15,how
1,343,2021,4,15,to
1,343,2021,4,15,negotiate
1,343,2021,4,15,our
1,343,2021,4,15,salary
1,454,2021,4,15,how
1,454,2021,4,15,to
1,454,2021,4,15,negotiate
1,454,2021,4,15,our
1,454,2021,4,15,salary
1,114,2021,4,15,how
1,114,2021,4,15,to
1,114,2021,4,15,negotiate
1,114,2021,4,15,our
1,114,2021,4,15,salary
1,175,2021,4,15,how
1,175,2021,4,15,to
1,175,2021,4,15,negotiate
1,175,2021,4,15,our
1,175,2021,4,15,salary
1,292,2021,4,15,how
1,292,2021,4,15,to
1,292,2021,4,15,negotiate
1,292,2021,4,15,our
1,292,2021,4,15,salary
1,315,2021,4,15,how
1,315,2021,4,15,to
1,315,2021,4,15,negotiate
1,315,2021,4,15,our
1,315,2021,4,15,salary
1,450,2021,4,15,how
1,450,2021,4,15,to
1,450,2021,4,15,negotiate
1,450,2021,4,15,our
1,450,2021,4,15,salary
1,742,2021,4,15,how
1,742,2021,4,15,to
1,742,2021,4,15,negotiate
1,742,2021,4,15,our
1,742,2021,4,15,salary
1,43,2021,4,15,how
1,43,2021,4,15,to
1,43,2021,4,15,achieve
1,43,2021,4,15,success
1,43,2021,4,15,in
1,43,2021,4,15,our
1,43,2021,4,15,life
1,162,2021,4,15,how
1,162,2021,4,15,to
1,162,2021,4,15,achieve
1,162,2021,4,15,success
1,162,2021,4,15,in
1,162,2021,4,15,our
1,162,2021,4,15,life
1,430,2021,4,15,how
1,430,2021,4,15,to
1,430,2021,4,15,achieve
1,430,2021,4,15,success
1,430,2021,4,15,in
1,430,2021,4,15,our
1,430,2021,4,15,life
1,744,2021,4,15,how
1,744,2021,4,15,to
1,744,2021,4,15,achieve
1,744,2021,4,15,success
1,744,2021,4,15,in
1,744,2021,4,15,our
1,744,2021,4,15,life
1,853,2021,4,15,how
1,853,2021,4,15,to
1,853,2021,4,15,achieve
1,853,2021,4,15,success
1,853,2021,4,15,in
1,853,2021,4,15,our
1,853,2021,4,15,life
1,982,2021,4,15,how
1,982,2021,4,15,to
1,982,2021,4,15,achieve
1,982,2021,4,15,success
1,982,2021,4,15,in
1,982,2021,4,15,our
1,982,2021,4,15,life
1,1162,2021,4,15,how
1,1162,2021,4,15,to
1,1162,2021,4,15,achieve
1,1162,2021,4,15,success
1,1162,2021,4,15,in
1,1162,2021,4,15,our
1,1162,2021,4,15,life
1,64,2021,4,15,how
1,64,2021,4,15,to
1,64,2021,4,15,achieve
1,64,2021,4,15,success
1,64,2021,4,15,in
1,64,2021,4,15,our
1,64,2021,4,15,life
1,196,2021,4,15,how
1,196,2021,4,15,to
1,196,2021,4,15,achieve
1,196,2021,4,15,success
1,196,2021,4,15,in
1,196,2021,4,15,our
1,196,2021,4,15,life
1,226,2021,4,15,how
1,226,2021,4,15,to
1,226,2021,4,15,achieve
1,226,2021,4,15,success
1,226,2021,4,15,in
1,226,2021,4,15,our
1,226,2021,4,15,life
1,954,2021,4,15,cooking
1,666,2021,4,15,cooking
1,80,2021,4,15,cooking
1,1094,2021,4,15,cooking
1,93,2021,4,15,cooking
1,1532,2021,4,15,cooking
1,1694,2021,4,15,cooking
1,1822,2021,4,15,cooking
1,2125,2021,4,15,cooking
1,4,2021,4,15,cooking
1,186,2021,4,15,ways
1,186,2021,4,15,to
1,186,2021,4,15,think
1,186,2021,4,15,like
1,186,2021,4,15,scientist
1,301,2021,4,15,ways
1,301,2021,4,15,to
1,301,2021,4,15,think
1,301,2021,4,15,like
1,301,2021,4,15,scientist
1,335,2021,4,15,ways
1,335,2021,4,15,to
1,335,2021,4,15,think
1,335,2021,4,15,like
1,335,2021,4,15,scientist
1,398,2021,4,15,ways
1,398,2021,4,15,to
1,398,2021,4,15,think
1,398,2021,4,15,like
1,398,2021,4,15,scientist
1,746,2021,4,15,ways
1,746,2021,4,15,to
1,746,2021,4,15,think
1,746,2021,4,15,like
1,746,2021,4,15,scientist
1,811,2021,4,15,ways
1,811,2021,4,15,to
1,811,2021,4,15,think
1,811,2021,4,15,like
1,811,2021,4,15,scientist
1,929,2021,4,15,ways
1,929,2021,4,15,to
1,929,2021,4,15,think
1,929,2021,4,15,like
1,929,2021,4,15,scientist
1,956,2021,4,15,ways
1,956,2021,4,15,to
1,956,2021,4,15,think
1,956,2021,4,15,like
1,956,2021,4,15,scientist
1,991,2021,4,15,ways
1,991,2021,4,15,to
1,991,2021,4,15,think
1,991,2021,4,15,like
1,991,2021,4,15,scientist
1,1123,2021,4,15,ways
1,1123,2021,4,15,to
1,1123,2021,4,15,think
1,1123,2021,4,15,like
1,1123,2021,4,15,scientist
1,34,2021,4,15,waya
1,34,2021,4,15,to
1,34,2021,4,15,think
1,34,2021,4,15,like
1,34,2021,4,15,economist
1,186,2021,4,15,waya
1,186,2021,4,15,to
1,186,2021,4,15,think
1,186,2021,4,15,like
1,186,2021,4,15,economist
1,554,2021,4,15,waya
1,554,2021,4,15,to
1,554,2021,4,15,think
1,554,2021,4,15,like
1,554,2021,4,15,economist
1,851,2021,4,15,waya
1,851,2021,4,15,to
1,851,2021,4,15,think
1,851,2021,4,15,like
1,851,2021,4,15,economist
1,602,2021,4,15,waya
1,602,2021,4,15,to
1,602,2021,4,15,think
1,602,2021,4,15,like
1,602,2021,4,15,economist
1,665,2021,4,15,waya
1,665,2021,4,15,to
1,665,2021,4,15,think
1,665,2021,4,15,like
1,665,2021,4,15,economist
1,890,2021,4,15,waya
1,890,2021,4,15,to
1,890,2021,4,15,think
1,890,2021,4,15,like
1,890,2021,4,15,economist
1,35,2021,4,15,waya
1,35,2021,4,15,to
1,35,2021,4,15,think
1,35,2021,4,15,like
1,35,2021,4,15,economist
1,129,2021,4,15,waya
1,129,2021,4,15,to
1,129,2021,4,15,think
1,129,2021,4,15,like
1,129,2021,4,15,economist
1,1111,2021,4,15,waya
1,1111,2021,4,15,to
1,1111,2021,4,15,think
1,1111,2021,4,15,like
1,1111,2021,4,15,economist
1,3,2021,4,15,the
1,3,2021,4,15,book
1,3,2021,4,15,thiev
1,5,2021,4,15,the
1,5,2021,4,15,book
1,5,2021,4,15,thiev
1,7,2021,4,15,the
1,7,2021,4,15,book
1,7,2021,4,15,thiev
1,8,2021,4,15,the
1,8,2021,4,15,book
1,8,2021,4,15,thiev
1,9,2021,4,15,the
1,9,2021,4,15,book
1,9,2021,4,15,thiev
1,11,2021,4,15,the
1,11,2021,4,15,book
1,11,2021,4,15,thiev
1,12,2021,4,15,the
1,12,2021,4,15,book
1,12,2021,4,15,thiev
1,13,2021,4,15,the
1,13,2021,4,15,book
1,13,2021,4,15,thiev
1,14,2021,4,15,the
1,14,2021,4,15,book
1,14,2021,4,15,thiev
1,16,2021,4,15,the
1,16,2021,4,15,book
1,16,2021,4,15,thiev
1,1210,2021,4,15,the
1,1210,2021,4,15,book
1,1210,2021,4,15,thief
1,1676,2021,4,15,the
1,1676,2021,4,15,book
1,1676,2021,4,15,thief
1,2101,2021,4,15,the
1,2101,2021,4,15,book
1,2101,2021,4,15,thief
1,1391,2021,4,15,the
1,1391,2021,4,15,book
1,1391,2021,4,15,thief
1,1431,2021,4,15,the
1,1431,2021,4,15,book
1,1431,2021,4,15,thief
1,1455,2021,4,15,the
1,1455,2021,4,15,book
1,1455,2021,4,15,thief
1,1581,2021,4,15,the
1,1581,2021,4,15,book
1,1581,2021,4,15,thief
1,1827,2021,4,15,the
1,1827,2021,4,15,book
1,1827,2021,4,15,thief
1,1840,2021,4,15,the
1,1840,2021,4,15,book
1,1840,2021,4,15,thief
1,1882,2021,4,15,the
1,1882,2021,4,15,book
1,1882,2021,4,15,thief
1,1048,2021,7,1,marketing
1,235,2021,7,1,marketing
1,75,2021,7,1,marketing
1,1007,2021,7,1,marketing
1,438,2021,7,1,marketing
1,59,2021,7,1,marketing
1,750,2021,7,1,marketing
1,347,2021,7,1,marketing
1,287,2021,7,1,marketing
1,971,2021,7,1,marketing
1,494,2021,7,1,value
1,494,2021,7,1,investing
1,1175,2021,7,1,value
1,1175,2021,7,1,investing
1,878,2021,7,1,value
1,878,2021,7,1,investing
1,578,2021,7,1,value
1,578,2021,7,1,investing
1,486,2021,7,1,value
1,486,2021,7,1,investing
1,1165,2021,7,1,value
1,1165,2021,7,1,investing
1,363,2021,7,1,value
1,363,2021,7,1,investing
1,263,2021,7,1,value
1,263,2021,7,1,investing
1,379,2021,7,1,value
1,379,2021,7,1,investing
1,538,2021,7,1,value
1,538,2021,7,1,investing
1,631,2021,7,1,investing
1,494,2021,7,1,investing
1,527,2021,7,1,investing
1,876,2021,7,1,investing
1,1175,2021,7,1,investing
1,878,2021,7,1,investing
1,1172,2021,7,1,investing
1,762,2021,7,1,investing
1,1280,2021,7,1,investing
1,797,2021,7,1,investing
1,631,2021,7,1,investing
1,494,2021,7,1,investing
1,527,2021,7,1,investing
1,876,2021,7,1,investing
1,1175,2021,7,1,investing
1,878,2021,7,1,investing
1,1172,2021,7,1,investing
1,762,2021,7,1,investing
1,1280,2021,7,1,investing
1,797,2021,7,1,investing
1,109,2021,7,9,how
1,109,2021,7,9,to
1,109,2021,7,9,make
1,109,2021,7,9,decisions
1,121,2021,7,9,how
1,121,2021,7,9,to
1,121,2021,7,9,make
1,121,2021,7,9,decisions
1,129,2021,7,9,how
1,129,2021,7,9,to
1,129,2021,7,9,make
1,129,2021,7,9,decisions
1,130,2021,7,9,how
1,130,2021,7,9,to
1,130,2021,7,9,make
1,130,2021,7,9,decisions
1,143,2021,7,9,how
1,143,2021,7,9,to
1,143,2021,7,9,make
1,143,2021,7,9,decisions
1,162,2021,7,9,how
1,162,2021,7,9,to
1,162,2021,7,9,make
1,162,2021,7,9,decisions
1,175,2021,7,9,how
1,175,2021,7,9,to
1,175,2021,7,9,make
1,175,2021,7,9,decisions
1,194,2021,7,9,how
1,194,2021,7,9,to
1,194,2021,7,9,make
1,194,2021,7,9,decisions
1,256,2021,7,9,how
1,256,2021,7,9,to
1,256,2021,7,9,make
1,256,2021,7,9,decisions
1,258,2021,7,9,how
1,258,2021,7,9,to
1,258,2021,7,9,make
1,258,2021,7,9,decisions
1,43,2021,7,9,how
1,43,2021,7,9,to
1,43,2021,7,9,make
1,43,2021,7,9,decision
1,94,2021,7,9,how
1,94,2021,7,9,to
1,94,2021,7,9,make
1,94,2021,7,9,decision
1,109,2021,7,9,how
1,109,2021,7,9,to
1,109,2021,7,9,make
1,109,2021,7,9,decision
1,129,2021,7,9,how
1,129,2021,7,9,to
1,129,2021,7,9,make
1,129,2021,7,9,decision
1,175,2021,7,9,how
1,175,2021,7,9,to
1,175,2021,7,9,make
1,175,2021,7,9,decision
1,193,2021,7,9,how
1,193,2021,7,9,to
1,193,2021,7,9,make
1,193,2021,7,9,decision
1,256,2021,7,9,how
1,256,2021,7,9,to
1,256,2021,7,9,make
1,256,2021,7,9,decision
1,290,2021,7,9,how
1,290,2021,7,9,to
1,290,2021,7,9,make
1,290,2021,7,9,decision
1,348,2021,7,9,how
1,348,2021,7,9,to
1,348,2021,7,9,make
1,348,2021,7,9,decision
1,452,2021,7,9,how
1,452,2021,7,9,to
1,452,2021,7,9,make
1,452,2021,7,9,decision
1,258,2021,7,9,how
1,258,2021,7,9,people
1,258,2021,7,9,make
1,258,2021,7,9,decision
1,94,2021,7,9,how
1,94,2021,7,9,people
1,94,2021,7,9,make
1,94,2021,7,9,decision
1,175,2021,7,9,how
1,175,2021,7,9,people
1,175,2021,7,9,make
1,175,2021,7,9,decision
1,193,2021,7,9,how
1,193,2021,7,9,people
1,193,2021,7,9,make
1,193,2021,7,9,decision
1,256,2021,7,9,how
1,256,2021,7,9,people
1,256,2021,7,9,make
1,256,2021,7,9,decision
1,571,2021,7,9,how
1,571,2021,7,9,people
1,571,2021,7,9,make
1,571,2021,7,9,decision
1,735,2021,7,9,how
1,735,2021,7,9,people
1,735,2021,7,9,make
1,735,2021,7,9,decision
1,791,2021,7,9,how
1,791,2021,7,9,people
1,791,2021,7,9,make
1,791,2021,7,9,decision
1,861,2021,7,9,how
1,861,2021,7,9,people
1,861,2021,7,9,make
1,861,2021,7,9,decision
1,866,2021,7,9,how
1,866,2021,7,9,people
1,866,2021,7,9,make
1,866,2021,7,9,decision
1,258,2021,7,9,how
1,258,2021,7,9,people
1,258,2021,7,9,make
1,258,2021,7,9,decision
1,94,2021,7,9,how
1,94,2021,7,9,people
1,94,2021,7,9,make
1,94,2021,7,9,decision
1,175,2021,7,9,how
1,175,2021,7,9,people
1,175,2021,7,9,make
1,175,2021,7,9,decision
1,193,2021,7,9,how
1,193,2021,7,9,people
1,193,2021,7,9,make
1,193,2021,7,9,decision
1,256,2021,7,9,how
1,256,2021,7,9,people
1,256,2021,7,9,make
1,256,2021,7,9,decision
1,571,2021,7,9,how
1,571,2021,7,9,people
1,571,2021,7,9,make
1,571,2021,7,9,decision
1,735,2021,7,9,how
1,735,2021,7,9,people
1,735,2021,7,9,make
1,735,2021,7,9,decision
1,791,2021,7,9,how
1,791,2021,7,9,people
1,791,2021,7,9,make
1,791,2021,7,9,decision
1,861,2021,7,9,how
1,861,2021,7,9,people
1,861,2021,7,9,make
1,861,2021,7,9,decision
1,866,2021,7,9,how
1,866,2021,7,9,people
1,866,2021,7,9,make
1,866,2021,7,9,decision
1,631,2021,7,9,investing
1,494,2021,7,9,investing
1,527,2021,7,9,investing
1,876,2021,7,9,investing
1,1175,2021,7,9,investing
1,878,2021,7,9,investing
1,1172,2021,7,9,investing
1,762,2021,7,9,investing
1,1280,2021,7,9,investing
1,797,2021,7,9,investing
1,561,2021,7,9,how
1,561,2021,7,9,to
1,561,2021,7,9,overcome
1,561,2021,7,9,our
1,561,2021,7,9,stress
1,111,2021,7,9,how
1,111,2021,7,9,to
1,111,2021,7,9,overcome
1,111,2021,7,9,our
1,111,2021,7,9,stress
1,837,2021,7,9,how
1,837,2021,7,9,to
1,837,2021,7,9,overcome
1,837,2021,7,9,our
1,837,2021,7,9,stress
1,162,2021,7,9,how
1,162,2021,7,9,to
1,162,2021,7,9,overcome
1,162,2021,7,9,our
1,162,2021,7,9,stress
1,344,2021,7,9,how
1,344,2021,7,9,to
1,344,2021,7,9,overcome
1,344,2021,7,9,our
1,344,2021,7,9,stress
1,387,2021,7,9,how
1,387,2021,7,9,to
1,387,2021,7,9,overcome
1,387,2021,7,9,our
1,387,2021,7,9,stress
1,506,2021,7,9,how
1,506,2021,7,9,to
1,506,2021,7,9,overcome
1,506,2021,7,9,our
1,506,2021,7,9,stress
1,596,2021,7,9,how
1,596,2021,7,9,to
1,596,2021,7,9,overcome
1,596,2021,7,9,our
1,596,2021,7,9,stress
1,697,2021,7,9,how
1,697,2021,7,9,to
1,697,2021,7,9,overcome
1,697,2021,7,9,our
1,697,2021,7,9,stress
1,853,2021,7,9,how
1,853,2021,7,9,to
1,853,2021,7,9,overcome
1,853,2021,7,9,our
1,853,2021,7,9,stress
1,56,2021,7,9,how
1,56,2021,7,9,to
1,56,2021,7,9,negotiate
1,56,2021,7,9,our
1,56,2021,7,9,salary
1,461,2021,7,9,how
1,461,2021,7,9,to
1,461,2021,7,9,negotiate
1,461,2021,7,9,our
1,461,2021,7,9,salary
1,343,2021,7,9,how
1,343,2021,7,9,to
1,343,2021,7,9,negotiate
1,343,2021,7,9,our
1,343,2021,7,9,salary
1,454,2021,7,9,how
1,454,2021,7,9,to
1,454,2021,7,9,negotiate
1,454,2021,7,9,our
1,454,2021,7,9,salary
1,114,2021,7,9,how
1,114,2021,7,9,to
1,114,2021,7,9,negotiate
1,114,2021,7,9,our
1,114,2021,7,9,salary
1,175,2021,7,9,how
1,175,2021,7,9,to
1,175,2021,7,9,negotiate
1,175,2021,7,9,our
1,175,2021,7,9,salary
1,292,2021,7,9,how
1,292,2021,7,9,to
1,292,2021,7,9,negotiate
1,292,2021,7,9,our
1,292,2021,7,9,salary
1,315,2021,7,9,how
1,315,2021,7,9,to
1,315,2021,7,9,negotiate
1,315,2021,7,9,our
1,315,2021,7,9,salary
1,450,2021,7,9,how
1,450,2021,7,9,to
1,450,2021,7,9,negotiate
1,450,2021,7,9,our
1,450,2021,7,9,salary
1,742,2021,7,9,how
1,742,2021,7,9,to
1,742,2021,7,9,negotiate
1,742,2021,7,9,our
1,742,2021,7,9,salary
1,34,2021,7,9,waya
1,34,2021,7,9,to
1,34,2021,7,9,think
1,34,2021,7,9,like
1,34,2021,7,9,economist
1,186,2021,7,9,waya
1,186,2021,7,9,to
1,186,2021,7,9,think
1,186,2021,7,9,like
1,186,2021,7,9,economist
1,554,2021,7,9,waya
1,554,2021,7,9,to
1,554,2021,7,9,think
1,554,2021,7,9,like
1,554,2021,7,9,economist
1,851,2021,7,9,waya
1,851,2021,7,9,to
1,851,2021,7,9,think
1,851,2021,7,9,like
1,851,2021,7,9,economist
1,602,2021,7,9,waya
1,602,2021,7,9,to
1,602,2021,7,9,think
1,602,2021,7,9,like
1,602,2021,7,9,economist
1,665,2021,7,9,waya
1,665,2021,7,9,to
1,665,2021,7,9,think
1,665,2021,7,9,like
1,665,2021,7,9,economist
1,890,2021,7,9,waya
1,890,2021,7,9,to
1,890,2021,7,9,think
1,890,2021,7,9,like
1,890,2021,7,9,economist
1,35,2021,7,9,waya
1,35,2021,7,9,to
1,35,2021,7,9,think
1,35,2021,7,9,like
1,35,2021,7,9,economist
1,129,2021,7,9,waya
1,129,2021,7,9,to
1,129,2021,7,9,think
1,129,2021,7,9,like
1,129,2021,7,9,economist
1,1111,2021,7,9,waya
1,1111,2021,7,9,to
1,1111,2021,7,9,think
1,1111,2021,7,9,like
1,1111,2021,7,9,economist
1,34,2021,7,9,way
1,34,2021,7,9,to
1,34,2021,7,9,think
1,34,2021,7,9,like
1,34,2021,7,9,economist
1,186,2021,7,9,way
1,186,2021,7,9,to
1,186,2021,7,9,think
1,186,2021,7,9,like
1,186,2021,7,9,economist
1,554,2021,7,9,way
1,554,2021,7,9,to
1,554,2021,7,9,think
1,554,2021,7,9,like
1,554,2021,7,9,economist
1,851,2021,7,9,way
1,851,2021,7,9,to
1,851,2021,7,9,think
1,851,2021,7,9,like
1,851,2021,7,9,economist
1,602,2021,7,9,way
1,602,2021,7,9,to
1,602,2021,7,9,think
1,602,2021,7,9,like
1,602,2021,7,9,economist
1,665,2021,7,9,way
1,665,2021,7,9,to
1,665,2021,7,9,think
1,665,2021,7,9,like
1,665,2021,7,9,economist
1,129,2021,7,9,way
1,129,2021,7,9,to
1,129,2021,7,9,think
1,129,2021,7,9,like
1,129,2021,7,9,economist
1,890,2021,7,9,way
1,890,2021,7,9,to
1,890,2021,7,9,think
1,890,2021,7,9,like
1,890,2021,7,9,economist
1,9,2021,7,9,way
1,9,2021,7,9,to
1,9,2021,7,9,think
1,9,2021,7,9,like
1,9,2021,7,9,economist
1,35,2021,7,9,way
1,35,2021,7,9,to
1,35,2021,7,9,think
1,35,2021,7,9,like
1,35,2021,7,9,economist
1,186,2021,7,9,doughnut
1,186,2021,7,9,economics
1,185,2021,7,9,doughnut
1,185,2021,7,9,economics
1,16,2021,7,9,doughnut
1,16,2021,7,9,economics
1,34,2021,7,9,doughnut
1,34,2021,7,9,economics
1,35,2021,7,9,doughnut
1,35,2021,7,9,economics
1,60,2021,7,9,doughnut
1,60,2021,7,9,economics
1,122,2021,7,9,doughnut
1,122,2021,7,9,economics
1,132,2021,7,9,doughnut
1,132,2021,7,9,economics
1,159,2021,7,9,doughnut
1,159,2021,7,9,economics
1,160,2021,7,9,doughnut
1,160,2021,7,9,economics
1,495,2021,7,9,laptop
1,419,2021,7,9,laptop
1,165,2021,7,9,laptop
1,403,2021,7,9,laptop
1,954,2021,7,9,laptop
1,80,2021,7,9,laptop
1,207,2021,7,9,laptop
1,1094,2021,7,9,laptop
1,93,2021,7,9,laptop
1,655,2021,7,9,laptop
1,631,2021,7,9,investing
1,494,2021,7,9,investing
1,527,2021,7,9,investing
1,876,2021,7,9,investing
1,1175,2021,7,9,investing
1,878,2021,7,9,investing
1,1172,2021,7,9,investing
1,762,2021,7,9,investing
1,1280,2021,7,9,investing
1,797,2021,7,9,investing
1,631,2021,7,9,investing
1,494,2021,7,9,investing
1,527,2021,7,9,investing
1,876,2021,7,9,investing
1,1175,2021,7,9,investing
1,878,2021,7,9,investing
1,1172,2021,7,9,investing
1,762,2021,7,9,investing
1,1280,2021,7,9,investing
1,797,2021,7,9,investing
1,29,2021,7,9,learn
1,29,2021,7,9,business
1,29,2021,7,9,management
1,108,2021,7,9,learn
1,108,2021,7,9,business
1,108,2021,7,9,management
1,178,2021,7,9,learn
1,178,2021,7,9,business
1,178,2021,7,9,management
1,260,2021,7,9,learn
1,260,2021,7,9,business
1,260,2021,7,9,management
1,308,2021,7,9,learn
1,308,2021,7,9,business
1,308,2021,7,9,management
1,322,2021,7,9,learn
1,322,2021,7,9,business
1,322,2021,7,9,management
1,363,2021,7,9,learn
1,363,2021,7,9,business
1,363,2021,7,9,management
1,397,2021,7,9,learn
1,397,2021,7,9,business
1,397,2021,7,9,management
1,401,2021,7,9,learn
1,401,2021,7,9,business
1,401,2021,7,9,management
1,412,2021,7,9,learn
1,412,2021,7,9,business
1,412,2021,7,9,management
1,324,2021,7,9,warren
1,324,2021,7,9,buffett
1,324,2021,7,9,books
1,1075,2021,7,9,warren
1,1075,2021,7,9,buffett
1,1075,2021,7,9,books
1,7,2021,7,9,warren
1,7,2021,7,9,buffett
1,7,2021,7,9,books
1,141,2021,7,9,warren
1,141,2021,7,9,buffett
1,141,2021,7,9,books
1,148,2021,7,9,warren
1,148,2021,7,9,buffett
1,148,2021,7,9,books
1,209,2021,7,9,warren
1,209,2021,7,9,buffett
1,209,2021,7,9,books
1,241,2021,7,9,warren
1,241,2021,7,9,buffett
1,241,2021,7,9,books
1,320,2021,7,9,warren
1,320,2021,7,9,buffett
1,320,2021,7,9,books
1,328,2021,7,9,warren
1,328,2021,7,9,buffett
1,328,2021,7,9,books
1,332,2021,7,9,warren
1,332,2021,7,9,buffett
1,332,2021,7,9,books
1,631,2021,7,9,warren
1,631,2021,7,9,buffett
1,324,2021,7,9,warren
1,324,2021,7,9,buffett
1,320,2021,7,9,warren
1,320,2021,7,9,buffett
1,722,2021,7,9,warren
1,722,2021,7,9,buffett
1,376,2021,7,9,warren
1,376,2021,7,9,buffett
1,241,2021,7,9,warren
1,241,2021,7,9,buffett
1,141,2021,7,9,warren
1,141,2021,7,9,buffett
1,1152,2021,7,9,warren
1,1152,2021,7,9,buffett
1,7,2021,7,9,warren
1,7,2021,7,9,buffett
1,700,2021,7,9,warren
1,700,2021,7,9,buffett
1,195,2021,7,9,maze
1,1490,2021,7,9,maze
1,203,2021,7,9,maze
1,2146,2021,7,9,maze
1,867,2021,7,9,maze
1,1927,2021,7,9,maze
1,564,2021,7,9,maze
1,372,2021,7,9,maze
1,2130,2021,7,9,maze
1,1883,2021,7,9,maze
1,1048,2021,7,9,made
1,1134,2021,7,9,made
1,598,2021,7,9,made
1,2115,2021,7,9,made
1,658,2021,7,9,made
1,794,2021,7,9,made
1,959,2021,7,9,made
1,1238,2021,7,9,made
1,58,2021,7,9,made
1,1953,2021,7,9,made
1,834,2021,7,9,the
1,834,2021,7,9,book
1,834,2021,7,9,thieves
1,833,2021,7,9,the
1,833,2021,7,9,book
1,833,2021,7,9,thieves
1,948,2021,7,9,the
1,948,2021,7,9,book
1,948,2021,7,9,thieves
1,972,2021,7,9,the
1,972,2021,7,9,book
1,972,2021,7,9,thieves
1,1431,2021,7,9,the
1,1431,2021,7,9,book
1,1431,2021,7,9,thieves
1,1763,2021,7,9,the
1,1763,2021,7,9,book
1,1763,2021,7,9,thieves
1,1840,2021,7,9,the
1,1840,2021,7,9,book
1,1840,2021,7,9,thieves
1,2003,2021,7,9,the
1,2003,2021,7,9,book
1,2003,2021,7,9,thieves
1,3,2021,7,9,the
1,3,2021,7,9,book
1,3,2021,7,9,thieves
1,5,2021,7,9,the
1,5,2021,7,9,book
1,5,2021,7,9,thieves
1,1210,2021,7,9,the
1,1210,2021,7,9,book
1,1210,2021,7,9,thief
1,1676,2021,7,9,the
1,1676,2021,7,9,book
1,1676,2021,7,9,thief
1,2101,2021,7,9,the
1,2101,2021,7,9,book
1,2101,2021,7,9,thief
1,1391,2021,7,9,the
1,1391,2021,7,9,book
1,1391,2021,7,9,thief
1,1431,2021,7,9,the
1,1431,2021,7,9,book
1,1431,2021,7,9,thief
1,1455,2021,7,9,the
1,1455,2021,7,9,book
1,1455,2021,7,9,thief
1,1581,2021,7,9,the
1,1581,2021,7,9,book
1,1581,2021,7,9,thief
1,1827,2021,7,9,the
1,1827,2021,7,9,book
1,1827,2021,7,9,thief
1,1840,2021,7,9,the
1,1840,2021,7,9,book
1,1840,2021,7,9,thief
1,1882,2021,7,9,the
1,1882,2021,7,9,book
1,1882,2021,7,9,thief
1,561,2021,7,9,how
1,561,2021,7,9,to
1,561,2021,7,9,overcome
1,561,2021,7,9,our
1,561,2021,7,9,stress
1,111,2021,7,9,how
1,111,2021,7,9,to
1,111,2021,7,9,overcome
1,111,2021,7,9,our
1,111,2021,7,9,stress
1,837,2021,7,9,how
1,837,2021,7,9,to
1,837,2021,7,9,overcome
1,837,2021,7,9,our
1,837,2021,7,9,stress
1,162,2021,7,9,how
1,162,2021,7,9,to
1,162,2021,7,9,overcome
1,162,2021,7,9,our
1,162,2021,7,9,stress
1,344,2021,7,9,how
1,344,2021,7,9,to
1,344,2021,7,9,overcome
1,344,2021,7,9,our
1,344,2021,7,9,stress
1,387,2021,7,9,how
1,387,2021,7,9,to
1,387,2021,7,9,overcome
1,387,2021,7,9,our
1,387,2021,7,9,stress
1,506,2021,7,9,how
1,506,2021,7,9,to
1,506,2021,7,9,overcome
1,506,2021,7,9,our
1,506,2021,7,9,stress
1,596,2021,7,9,how
1,596,2021,7,9,to
1,596,2021,7,9,overcome
1,596,2021,7,9,our
1,596,2021,7,9,stress
1,697,2021,7,9,how
1,697,2021,7,9,to
1,697,2021,7,9,overcome
1,697,2021,7,9,our
1,697,2021,7,9,stress
1,853,2021,7,9,how
1,853,2021,7,9,to
1,853,2021,7,9,overcome
1,853,2021,7,9,our
1,853,2021,7,9,stress
1,1457,2021,7,9,blindness
1,153,2021,7,9,blindness
1,954,2021,7,9,blindness
1,80,2021,7,9,blindness
1,1532,2021,7,9,blindness
1,666,2021,7,9,blindness
1,1094,2021,7,9,blindness
1,1694,2021,7,9,blindness
1,93,2021,7,9,blindness
1,655,2021,7,9,blindness
1,24,2021,7,9,books
1,24,2021,7,9,about
1,24,2021,7,9,stockmarket
1,34,2021,7,9,books
1,34,2021,7,9,about
1,34,2021,7,9,stockmarket
1,47,2021,7,9,books
1,47,2021,7,9,about
1,47,2021,7,9,stockmarket
1,142,2021,7,9,books
1,142,2021,7,9,about
1,142,2021,7,9,stockmarket
1,151,2021,7,9,books
1,151,2021,7,9,about
1,151,2021,7,9,stockmarket
1,155,2021,7,9,books
1,155,2021,7,9,about
1,155,2021,7,9,stockmarket
1,184,2021,7,9,books
1,184,2021,7,9,about
1,184,2021,7,9,stockmarket
1,190,2021,7,9,books
1,190,2021,7,9,about
1,190,2021,7,9,stockmarket
1,196,2021,7,9,books
1,196,2021,7,9,about
1,196,2021,7,9,stockmarket
1,249,2021,7,9,books
1,249,2021,7,9,about
1,249,2021,7,9,stockmarket
1,108,2021,7,9,team
1,108,2021,7,9,management
1,187,2021,7,9,team
1,187,2021,7,9,management
1,276,2021,7,9,team
1,276,2021,7,9,management
1,312,2021,7,9,team
1,312,2021,7,9,management
1,346,2021,7,9,team
1,346,2021,7,9,management
1,369,2021,7,9,team
1,369,2021,7,9,management
1,370,2021,7,9,team
1,370,2021,7,9,management
1,401,2021,7,9,team
1,401,2021,7,9,management
1,412,2021,7,9,team
1,412,2021,7,9,management
1,572,2021,7,9,team
1,572,2021,7,9,management
1,1162,2021,7,9,increase
1,1162,2021,7,9,productivity
1,304,2021,7,9,increase
1,304,2021,7,9,productivity
1,406,2021,7,9,increase
1,406,2021,7,9,productivity
1,378,2021,7,9,increase
1,378,2021,7,9,productivity
1,159,2021,7,9,increase
1,159,2021,7,9,productivity
1,1124,2021,7,9,increase
1,1124,2021,7,9,productivity
1,48,2021,7,9,increase
1,48,2021,7,9,productivity
1,22,2021,7,9,increase
1,22,2021,7,9,productivity
1,113,2021,7,9,increase
1,113,2021,7,9,productivity
1,285,2021,7,9,increase
1,285,2021,7,9,productivity
1,33,2021,7,9,success
1,33,2021,7,9,rules
1,52,2021,7,9,success
1,52,2021,7,9,rules
1,156,2021,7,9,success
1,156,2021,7,9,rules
1,241,2021,7,9,success
1,241,2021,7,9,rules
1,249,2021,7,9,success
1,249,2021,7,9,rules
1,305,2021,7,9,success
1,305,2021,7,9,rules
1,342,2021,7,9,success
1,342,2021,7,9,rules
1,346,2021,7,9,success
1,346,2021,7,9,rules
1,348,2021,7,9,success
1,348,2021,7,9,rules
1,379,2021,7,9,success
1,379,2021,7,9,rules
1,33,2021,7,9,create
1,33,2021,7,9,blogs
1,1065,2021,7,9,create
1,1065,2021,7,9,blogs
1,22,2021,7,9,create
1,22,2021,7,9,blogs
1,24,2021,7,9,create
1,24,2021,7,9,blogs
1,39,2021,7,9,create
1,39,2021,7,9,blogs
1,49,2021,7,9,create
1,49,2021,7,9,blogs
1,50,2021,7,9,create
1,50,2021,7,9,blogs
1,51,2021,7,9,create
1,51,2021,7,9,blogs
1,56,2021,7,9,create
1,56,2021,7,9,blogs
1,58,2021,7,9,create
1,58,2021,7,9,blogs
1,58,2021,7,9,data
1,58,2021,7,9,visualization
1,58,2021,7,9,in
1,58,2021,7,9,business
1,314,2021,7,9,data
1,314,2021,7,9,visualization
1,314,2021,7,9,in
1,314,2021,7,9,business
1,7,2021,7,9,data
1,7,2021,7,9,visualization
1,7,2021,7,9,in
1,7,2021,7,9,business
1,34,2021,7,9,data
1,34,2021,7,9,visualization
1,34,2021,7,9,in
1,34,2021,7,9,business
1,35,2021,7,9,data
1,35,2021,7,9,visualization
1,35,2021,7,9,in
1,35,2021,7,9,business
1,37,2021,7,9,data
1,37,2021,7,9,visualization
1,37,2021,7,9,in
1,37,2021,7,9,business
1,69,2021,7,9,data
1,69,2021,7,9,visualization
1,69,2021,7,9,in
1,69,2021,7,9,business
1,108,2021,7,9,data
1,108,2021,7,9,visualization
1,108,2021,7,9,in
1,108,2021,7,9,business
1,117,2021,7,9,data
1,117,2021,7,9,visualization
1,117,2021,7,9,in
1,117,2021,7,9,business
1,121,2021,7,9,data
1,121,2021,7,9,visualization
1,121,2021,7,9,in
1,121,2021,7,9,business
1,203,2021,7,9,industrial
1,203,2021,7,9,revolution
1,1857,2021,7,9,industrial
1,1857,2021,7,9,revolution
1,493,2021,7,9,industrial
1,493,2021,7,9,revolution
1,437,2021,7,9,industrial
1,437,2021,7,9,revolution
1,301,2021,7,9,industrial
1,301,2021,7,9,revolution
1,957,2021,7,9,industrial
1,957,2021,7,9,revolution
1,694,2021,7,9,industrial
1,694,2021,7,9,revolution
1,266,2021,7,9,industrial
1,266,2021,7,9,revolution
1,7,2021,7,9,industrial
1,7,2021,7,9,revolution
1,14,2021,7,9,industrial
1,14,2021,7,9,revolution
1,792,2021,7,9,marketing
1,792,2021,7,9,strategies
1,1062,2021,7,9,marketing
1,1062,2021,7,9,strategies
1,178,2021,7,9,marketing
1,178,2021,7,9,strategies
1,685,2021,7,9,marketing
1,685,2021,7,9,strategies
1,877,2021,7,9,marketing
1,877,2021,7,9,strategies
1,142,2021,7,9,marketing
1,142,2021,7,9,strategies
1,282,2021,7,9,marketing
1,282,2021,7,9,strategies
1,290,2021,7,9,marketing
1,290,2021,7,9,strategies
1,373,2021,7,9,marketing
1,373,2021,7,9,strategies
1,379,2021,7,9,marketing
1,379,2021,7,9,strategies
1,34,2021,7,9,waya
1,34,2021,7,9,to
1,34,2021,7,9,think
1,34,2021,7,9,like
1,34,2021,7,9,economist
1,186,2021,7,9,waya
1,186,2021,7,9,to
1,186,2021,7,9,think
1,186,2021,7,9,like
1,186,2021,7,9,economist
1,554,2021,7,9,waya
1,554,2021,7,9,to
1,554,2021,7,9,think
1,554,2021,7,9,like
1,554,2021,7,9,economist
1,851,2021,7,9,waya
1,851,2021,7,9,to
1,851,2021,7,9,think
1,851,2021,7,9,like
1,851,2021,7,9,economist
1,602,2021,7,9,waya
1,602,2021,7,9,to
1,602,2021,7,9,think
1,602,2021,7,9,like
1,602,2021,7,9,economist
1,665,2021,7,9,waya
1,665,2021,7,9,to
1,665,2021,7,9,think
1,665,2021,7,9,like
1,665,2021,7,9,economist
1,890,2021,7,9,waya
1,890,2021,7,9,to
1,890,2021,7,9,think
1,890,2021,7,9,like
1,890,2021,7,9,economist
1,35,2021,7,9,waya
1,35,2021,7,9,to
1,35,2021,7,9,think
1,35,2021,7,9,like
1,35,2021,7,9,economist
1,129,2021,7,9,waya
1,129,2021,7,9,to
1,129,2021,7,9,think
1,129,2021,7,9,like
1,129,2021,7,9,economist
1,1111,2021,7,9,waya
1,1111,2021,7,9,to
1,1111,2021,7,9,think
1,1111,2021,7,9,like
1,1111,2021,7,9,economist
1,34,2021,7,9,way
1,34,2021,7,9,to
1,34,2021,7,9,think
1,34,2021,7,9,like
1,34,2021,7,9,economist
1,186,2021,7,9,way
1,186,2021,7,9,to
1,186,2021,7,9,think
1,186,2021,7,9,like
1,186,2021,7,9,economist
1,554,2021,7,9,way
1,554,2021,7,9,to
1,554,2021,7,9,think
1,554,2021,7,9,like
1,554,2021,7,9,economist
1,851,2021,7,9,way
1,851,2021,7,9,to
1,851,2021,7,9,think
1,851,2021,7,9,like
1,851,2021,7,9,economist
1,602,2021,7,9,way
1,602,2021,7,9,to
1,602,2021,7,9,think
1,602,2021,7,9,like
1,602,2021,7,9,economist
1,665,2021,7,9,way
1,665,2021,7,9,to
1,665,2021,7,9,think
1,665,2021,7,9,like
1,665,2021,7,9,economist
1,129,2021,7,9,way
1,129,2021,7,9,to
1,129,2021,7,9,think
1,129,2021,7,9,like
1,129,2021,7,9,economist
1,890,2021,7,9,way
1,890,2021,7,9,to
1,890,2021,7,9,think
1,890,2021,7,9,like
1,890,2021,7,9,economist
1,9,2021,7,9,way
1,9,2021,7,9,to
1,9,2021,7,9,think
1,9,2021,7,9,like
1,9,2021,7,9,economist
1,35,2021,7,9,way
1,35,2021,7,9,to
1,35,2021,7,9,think
1,35,2021,7,9,like
1,35,2021,7,9,economist
1,9,2021,7,9,how
1,9,2021,7,9,to
1,9,2021,7,9,become
1,9,2021,7,9,a
1,9,2021,7,9,leader
1,36,2021,7,9,how
1,36,2021,7,9,to
1,36,2021,7,9,become
1,36,2021,7,9,a
1,36,2021,7,9,leader
1,38,2021,7,9,how
1,38,2021,7,9,to
1,38,2021,7,9,become
1,38,2021,7,9,a
1,38,2021,7,9,leader
1,120,2021,7,9,how
1,120,2021,7,9,to
1,120,2021,7,9,become
1,120,2021,7,9,a
1,120,2021,7,9,leader
1,281,2021,7,9,how
1,281,2021,7,9,to
1,281,2021,7,9,become
1,281,2021,7,9,a
1,281,2021,7,9,leader
1,388,2021,7,9,how
1,388,2021,7,9,to
1,388,2021,7,9,become
1,388,2021,7,9,a
1,388,2021,7,9,leader
1,661,2021,7,9,how
1,661,2021,7,9,to
1,661,2021,7,9,become
1,661,2021,7,9,a
1,661,2021,7,9,leader
1,701,2021,7,9,how
1,701,2021,7,9,to
1,701,2021,7,9,become
1,701,2021,7,9,a
1,701,2021,7,9,leader
1,841,2021,7,9,how
1,841,2021,7,9,to
1,841,2021,7,9,become
1,841,2021,7,9,a
1,841,2021,7,9,leader
1,932,2021,7,9,how
1,932,2021,7,9,to
1,932,2021,7,9,become
1,932,2021,7,9,a
1,932,2021,7,9,leader
1,1048,2021,7,9,success
1,1048,2021,7,9,stories
1,176,2021,7,9,success
1,176,2021,7,9,stories
1,436,2021,7,9,success
1,436,2021,7,9,stories
1,505,2021,7,9,success
1,505,2021,7,9,stories
1,178,2021,7,9,success
1,178,2021,7,9,stories
1,319,2021,7,9,success
1,319,2021,7,9,stories
1,49,2021,7,9,success
1,49,2021,7,9,stories
1,558,2021,7,9,success
1,558,2021,7,9,stories
1,515,2021,7,9,success
1,515,2021,7,9,stories
1,972,2021,7,9,success
1,972,2021,7,9,stories
1,6,2021,7,9,business
1,6,2021,7,9,success
1,6,2021,7,9,stories
1,24,2021,7,9,business
1,24,2021,7,9,success
1,24,2021,7,9,stories
1,27,2021,7,9,business
1,27,2021,7,9,success
1,27,2021,7,9,stories
1,33,2021,7,9,business
1,33,2021,7,9,success
1,33,2021,7,9,stories
1,37,2021,7,9,business
1,37,2021,7,9,success
1,37,2021,7,9,stories
1,42,2021,7,9,business
1,42,2021,7,9,success
1,42,2021,7,9,stories
1,49,2021,7,9,business
1,49,2021,7,9,success
1,49,2021,7,9,stories
1,117,2021,7,9,business
1,117,2021,7,9,success
1,117,2021,7,9,stories
1,133,2021,7,9,business
1,133,2021,7,9,success
1,133,2021,7,9,stories
1,149,2021,7,9,business
1,149,2021,7,9,success
1,149,2021,7,9,stories
1,910,2021,7,9,easiest
1,910,2021,7,9,way
1,910,2021,7,9,to
1,910,2021,7,9,do
1,910,2021,7,9,things
1,34,2021,7,9,easiest
1,34,2021,7,9,way
1,34,2021,7,9,to
1,34,2021,7,9,do
1,34,2021,7,9,things
1,44,2021,7,9,easiest
1,44,2021,7,9,way
1,44,2021,7,9,to
1,44,2021,7,9,do
1,44,2021,7,9,things
1,95,2021,7,9,easiest
1,95,2021,7,9,way
1,95,2021,7,9,to
1,95,2021,7,9,do
1,95,2021,7,9,things
1,143,2021,7,9,easiest
1,143,2021,7,9,way
1,143,2021,7,9,to
1,143,2021,7,9,do
1,143,2021,7,9,things
1,173,2021,7,9,easiest
1,173,2021,7,9,way
1,173,2021,7,9,to
1,173,2021,7,9,do
1,173,2021,7,9,things
1,200,2021,7,9,easiest
1,200,2021,7,9,way
1,200,2021,7,9,to
1,200,2021,7,9,do
1,200,2021,7,9,things
1,203,2021,7,9,easiest
1,203,2021,7,9,way
1,203,2021,7,9,to
1,203,2021,7,9,do
1,203,2021,7,9,things
1,265,2021,7,9,easiest
1,265,2021,7,9,way
1,265,2021,7,9,to
1,265,2021,7,9,do
1,265,2021,7,9,things
1,310,2021,7,9,easiest
1,310,2021,7,9,way
1,310,2021,7,9,to
1,310,2021,7,9,do
1,310,2021,7,9,things
1,86,2021,7,9,how
1,86,2021,7,9,to
1,86,2021,7,9,make
1,86,2021,7,9,profits
1,86,2021,7,9,from
1,86,2021,7,9,early
1,86,2021,7,9,stages
1,161,2021,7,9,how
1,161,2021,7,9,to
1,161,2021,7,9,make
1,161,2021,7,9,profits
1,161,2021,7,9,from
1,161,2021,7,9,early
1,161,2021,7,9,stages
1,532,2021,7,9,how
1,532,2021,7,9,to
1,532,2021,7,9,make
1,532,2021,7,9,profits
1,532,2021,7,9,from
1,532,2021,7,9,early
1,532,2021,7,9,stages
1,452,2021,7,9,how
1,452,2021,7,9,to
1,452,2021,7,9,make
1,452,2021,7,9,profits
1,452,2021,7,9,from
1,452,2021,7,9,early
1,452,2021,7,9,stages
1,463,2021,7,9,how
1,463,2021,7,9,to
1,463,2021,7,9,make
1,463,2021,7,9,profits
1,463,2021,7,9,from
1,463,2021,7,9,early
1,463,2021,7,9,stages
1,466,2021,7,9,how
1,466,2021,7,9,to
1,466,2021,7,9,make
1,466,2021,7,9,profits
1,466,2021,7,9,from
1,466,2021,7,9,early
1,466,2021,7,9,stages
1,684,2021,7,9,how
1,684,2021,7,9,to
1,684,2021,7,9,make
1,684,2021,7,9,profits
1,684,2021,7,9,from
1,684,2021,7,9,early
1,684,2021,7,9,stages
1,730,2021,7,9,how
1,730,2021,7,9,to
1,730,2021,7,9,make
1,730,2021,7,9,profits
1,730,2021,7,9,from
1,730,2021,7,9,early
1,730,2021,7,9,stages
1,731,2021,7,9,how
1,731,2021,7,9,to
1,731,2021,7,9,make
1,731,2021,7,9,profits
1,731,2021,7,9,from
1,731,2021,7,9,early
1,731,2021,7,9,stages
1,834,2021,7,9,how
1,834,2021,7,9,to
1,834,2021,7,9,make
1,834,2021,7,9,profits
1,834,2021,7,9,from
1,834,2021,7,9,early
1,834,2021,7,9,stages
1,901,2021,7,9,scientific
1,901,2021,7,9,inventions
1,7,2021,7,9,scientific
1,7,2021,7,9,inventions
1,75,2021,7,9,scientific
1,75,2021,7,9,inventions
1,165,2021,7,9,scientific
1,165,2021,7,9,inventions
1,209,2021,7,9,scientific
1,209,2021,7,9,inventions
1,210,2021,7,9,scientific
1,210,2021,7,9,inventions
1,326,2021,7,9,scientific
1,326,2021,7,9,inventions
1,338,2021,7,9,scientific
1,338,2021,7,9,inventions
1,360,2021,7,9,scientific
1,360,2021,7,9,inventions
1,366,2021,7,9,scientific
1,366,2021,7,9,inventions
1,785,2021,7,9,advertisement
1,785,2021,7,9,strategy
1,1164,2021,7,9,advertisement
1,1164,2021,7,9,strategy
1,2290,2021,7,9,advertisement
1,2290,2021,7,9,strategy
1,11,2021,7,9,advertisement
1,11,2021,7,9,strategy
1,19,2021,7,9,advertisement
1,19,2021,7,9,strategy
1,33,2021,7,9,advertisement
1,33,2021,7,9,strategy
1,38,2021,7,9,advertisement
1,38,2021,7,9,strategy
1,65,2021,7,9,advertisement
1,65,2021,7,9,strategy
1,71,2021,7,9,advertisement
1,71,2021,7,9,strategy
1,75,2021,7,9,advertisement
1,75,2021,7,9,strategy
1,785,2021,7,9,advertisement
1,785,2021,7,9,strategies
1,1164,2021,7,9,advertisement
1,1164,2021,7,9,strategies
1,2290,2021,7,9,advertisement
1,2290,2021,7,9,strategies
1,27,2021,7,9,advertisement
1,27,2021,7,9,strategies
1,44,2021,7,9,advertisement
1,44,2021,7,9,strategies
1,46,2021,7,9,advertisement
1,46,2021,7,9,strategies
1,49,2021,7,9,advertisement
1,49,2021,7,9,strategies
1,56,2021,7,9,advertisement
1,56,2021,7,9,strategies
1,62,2021,7,9,advertisement
1,62,2021,7,9,strategies
1,77,2021,7,9,advertisement
1,77,2021,7,9,strategies
1,29,2021,7,9,learn
1,29,2021,7,9,business
1,29,2021,7,9,management
1,108,2021,7,9,learn
1,108,2021,7,9,business
1,108,2021,7,9,management
1,178,2021,7,9,learn
1,178,2021,7,9,business
1,178,2021,7,9,management
1,260,2021,7,9,learn
1,260,2021,7,9,business
1,260,2021,7,9,management
1,308,2021,7,9,learn
1,308,2021,7,9,business
1,308,2021,7,9,management
1,322,2021,7,9,learn
1,322,2021,7,9,business
1,322,2021,7,9,management
1,363,2021,7,9,learn
1,363,2021,7,9,business
1,363,2021,7,9,management
1,397,2021,7,9,learn
1,397,2021,7,9,business
1,397,2021,7,9,management
1,401,2021,7,9,learn
1,401,2021,7,9,business
1,401,2021,7,9,management
1,412,2021,7,9,learn
1,412,2021,7,9,business
1,412,2021,7,9,management
1,56,2021,7,9,how
1,56,2021,7,9,to
1,56,2021,7,9,negotiate
1,56,2021,7,9,our
1,56,2021,7,9,salary
1,461,2021,7,9,how
1,461,2021,7,9,to
1,461,2021,7,9,negotiate
1,461,2021,7,9,our
1,461,2021,7,9,salary
1,343,2021,7,9,how
1,343,2021,7,9,to
1,343,2021,7,9,negotiate
1,343,2021,7,9,our
1,343,2021,7,9,salary
1,454,2021,7,9,how
1,454,2021,7,9,to
1,454,2021,7,9,negotiate
1,454,2021,7,9,our
1,454,2021,7,9,salary
1,114,2021,7,9,how
1,114,2021,7,9,to
1,114,2021,7,9,negotiate
1,114,2021,7,9,our
1,114,2021,7,9,salary
1,175,2021,7,9,how
1,175,2021,7,9,to
1,175,2021,7,9,negotiate
1,175,2021,7,9,our
1,175,2021,7,9,salary
1,292,2021,7,9,how
1,292,2021,7,9,to
1,292,2021,7,9,negotiate
1,292,2021,7,9,our
1,292,2021,7,9,salary
1,315,2021,7,9,how
1,315,2021,7,9,to
1,315,2021,7,9,negotiate
1,315,2021,7,9,our
1,315,2021,7,9,salary
1,450,2021,7,9,how
1,450,2021,7,9,to
1,450,2021,7,9,negotiate
1,450,2021,7,9,our
1,450,2021,7,9,salary
1,742,2021,7,9,how
1,742,2021,7,9,to
1,742,2021,7,9,negotiate
1,742,2021,7,9,our
1,742,2021,7,9,salary
1,235,2021,7,9,ideas
1,83,2021,7,9,ideas
1,744,2021,7,9,ideas
1,886,2021,7,9,ideas
1,631,2021,7,9,ideas
1,33,2021,7,9,ideas
1,1013,2021,7,9,ideas
1,494,2021,7,9,ideas
1,815,2021,7,9,ideas
1,501,2021,7,9,ideas
1,792,2021,7,9,marketing
1,792,2021,7,9,strategies
1,1062,2021,7,9,marketing
1,1062,2021,7,9,strategies
1,178,2021,7,9,marketing
1,178,2021,7,9,strategies
1,685,2021,7,9,marketing
1,685,2021,7,9,strategies
1,877,2021,7,9,marketing
1,877,2021,7,9,strategies
1,142,2021,7,9,marketing
1,142,2021,7,9,strategies
1,282,2021,7,9,marketing
1,282,2021,7,9,strategies
1,290,2021,7,9,marketing
1,290,2021,7,9,strategies
1,373,2021,7,9,marketing
1,373,2021,7,9,strategies
1,379,2021,7,9,marketing
1,379,2021,7,9,strategies
1,9,2021,7,9,how
1,9,2021,7,9,to
1,9,2021,7,9,become
1,9,2021,7,9,a
1,9,2021,7,9,leader
1,36,2021,7,9,how
1,36,2021,7,9,to
1,36,2021,7,9,become
1,36,2021,7,9,a
1,36,2021,7,9,leader
1,38,2021,7,9,how
1,38,2021,7,9,to
1,38,2021,7,9,become
1,38,2021,7,9,a
1,38,2021,7,9,leader
1,120,2021,7,9,how
1,120,2021,7,9,to
1,120,2021,7,9,become
1,120,2021,7,9,a
1,120,2021,7,9,leader
1,281,2021,7,9,how
1,281,2021,7,9,to
1,281,2021,7,9,become
1,281,2021,7,9,a
1,281,2021,7,9,leader
1,388,2021,7,9,how
1,388,2021,7,9,to
1,388,2021,7,9,become
1,388,2021,7,9,a
1,388,2021,7,9,leader
1,661,2021,7,9,how
1,661,2021,7,9,to
1,661,2021,7,9,become
1,661,2021,7,9,a
1,661,2021,7,9,leader
1,701,2021,7,9,how
1,701,2021,7,9,to
1,701,2021,7,9,become
1,701,2021,7,9,a
1,701,2021,7,9,leader
1,841,2021,7,9,how
1,841,2021,7,9,to
1,841,2021,7,9,become
1,841,2021,7,9,a
1,841,2021,7,9,leader
1,932,2021,7,9,how
1,932,2021,7,9,to
1,932,2021,7,9,become
1,932,2021,7,9,a
1,932,2021,7,9,leader
1,561,2021,7,9,how
1,561,2021,7,9,to
1,561,2021,7,9,overcome
1,561,2021,7,9,our
1,561,2021,7,9,stress
1,111,2021,7,9,how
1,111,2021,7,9,to
1,111,2021,7,9,overcome
1,111,2021,7,9,our
1,111,2021,7,9,stress
1,837,2021,7,9,how
1,837,2021,7,9,to
1,837,2021,7,9,overcome
1,837,2021,7,9,our
1,837,2021,7,9,stress
1,162,2021,7,9,how
1,162,2021,7,9,to
1,162,2021,7,9,overcome
1,162,2021,7,9,our
1,162,2021,7,9,stress
1,344,2021,7,9,how
1,344,2021,7,9,to
1,344,2021,7,9,overcome
1,344,2021,7,9,our
1,344,2021,7,9,stress
1,387,2021,7,9,how
1,387,2021,7,9,to
1,387,2021,7,9,overcome
1,387,2021,7,9,our
1,387,2021,7,9,stress
1,506,2021,7,9,how
1,506,2021,7,9,to
1,506,2021,7,9,overcome
1,506,2021,7,9,our
1,506,2021,7,9,stress
1,596,2021,7,9,how
1,596,2021,7,9,to
1,596,2021,7,9,overcome
1,596,2021,7,9,our
1,596,2021,7,9,stress
1,697,2021,7,9,how
1,697,2021,7,9,to
1,697,2021,7,9,overcome
1,697,2021,7,9,our
1,697,2021,7,9,stress
1,853,2021,7,9,how
1,853,2021,7,9,to
1,853,2021,7,9,overcome
1,853,2021,7,9,our
1,853,2021,7,9,stress
1,631,2021,7,9,investing
1,494,2021,7,9,investing
1,527,2021,7,9,investing
1,876,2021,7,9,investing
1,1175,2021,7,9,investing
1,878,2021,7,9,investing
1,1172,2021,7,9,investing
1,762,2021,7,9,investing
1,1280,2021,7,9,investing
1,797,2021,7,9,investing
1,1048,2021,7,9,success
1,672,2021,7,9,success
1,967,2021,7,9,success
1,37,2021,7,9,success
1,599,2021,7,9,success
1,625,2021,7,9,success
1,744,2021,7,9,success
1,658,2021,7,9,success
1,713,2021,7,9,success
1,1400,2021,7,9,success
1,1182,2021,7,10,end
1,1182,2021,7,10,of
1,1182,2021,7,10,power
1,1,2021,7,10,end
1,1,2021,7,10,of
1,1,2021,7,10,power
1,64,2021,7,10,end
1,64,2021,7,10,of
1,64,2021,7,10,power
1,78,2021,7,10,end
1,78,2021,7,10,of
1,78,2021,7,10,power
1,169,2021,7,10,end
1,169,2021,7,10,of
1,169,2021,7,10,power
1,400,2021,7,10,end
1,400,2021,7,10,of
1,400,2021,7,10,power
1,426,2021,7,10,end
1,426,2021,7,10,of
1,426,2021,7,10,power
1,457,2021,7,10,end
1,457,2021,7,10,of
1,457,2021,7,10,power
1,474,2021,7,10,end
1,474,2021,7,10,of
1,474,2021,7,10,power
1,516,2021,7,10,end
1,516,2021,7,10,of
1,516,2021,7,10,power
1,1,2021,7,10,end
1,1,2021,7,10,of
1,1,2021,7,10,power
1,1,2021,7,10,moises
1,1,2021,7,10,naim
1,64,2021,7,10,end
1,64,2021,7,10,of
1,64,2021,7,10,power
1,64,2021,7,10,moises
1,64,2021,7,10,naim
1,78,2021,7,10,end
1,78,2021,7,10,of
1,78,2021,7,10,power
1,78,2021,7,10,moises
1,78,2021,7,10,naim
1,169,2021,7,10,end
1,169,2021,7,10,of
1,169,2021,7,10,power
1,169,2021,7,10,moises
1,169,2021,7,10,naim
1,400,2021,7,10,end
1,400,2021,7,10,of
1,400,2021,7,10,power
1,400,2021,7,10,moises
1,400,2021,7,10,naim
1,426,2021,7,10,end
1,426,2021,7,10,of
1,426,2021,7,10,power
1,426,2021,7,10,moises
1,426,2021,7,10,naim
1,457,2021,7,10,end
1,457,2021,7,10,of
1,457,2021,7,10,power
1,457,2021,7,10,moises
1,457,2021,7,10,naim
1,474,2021,7,10,end
1,474,2021,7,10,of
1,474,2021,7,10,power
1,474,2021,7,10,moises
1,474,2021,7,10,naim
1,516,2021,7,10,end
1,516,2021,7,10,of
1,516,2021,7,10,power
1,516,2021,7,10,moises
1,516,2021,7,10,naim
1,571,2021,7,10,end
1,571,2021,7,10,of
1,571,2021,7,10,power
1,571,2021,7,10,moises
1,571,2021,7,10,naim
1,631,2021,7,10,investing
1,494,2021,7,10,investing
1,527,2021,7,10,investing
1,876,2021,7,10,investing
1,1175,2021,7,10,investing
1,878,2021,7,10,investing
1,1172,2021,7,10,investing
1,762,2021,7,10,investing
1,1280,2021,7,10,investing
1,797,2021,7,10,investing
1,29,2021,7,10,learn
1,29,2021,7,10,business
1,29,2021,7,10,management
1,108,2021,7,10,learn
1,108,2021,7,10,business
1,108,2021,7,10,management
1,178,2021,7,10,learn
1,178,2021,7,10,business
1,178,2021,7,10,management
1,260,2021,7,10,learn
1,260,2021,7,10,business
1,260,2021,7,10,management
1,308,2021,7,10,learn
1,308,2021,7,10,business
1,308,2021,7,10,management
1,322,2021,7,10,learn
1,322,2021,7,10,business
1,322,2021,7,10,management
1,363,2021,7,10,learn
1,363,2021,7,10,business
1,363,2021,7,10,management
1,397,2021,7,10,learn
1,397,2021,7,10,business
1,397,2021,7,10,management
1,401,2021,7,10,learn
1,401,2021,7,10,business
1,401,2021,7,10,management
1,412,2021,7,10,learn
1,412,2021,7,10,business
1,412,2021,7,10,management
1,501,2021,7,10,business
1,501,2021,7,10,ideas
1,172,2021,7,10,business
1,172,2021,7,10,ideas
1,931,2021,7,10,business
1,931,2021,7,10,ideas
1,141,2021,7,10,business
1,141,2021,7,10,ideas
1,2,2021,7,10,business
1,2,2021,7,10,ideas
1,11,2021,7,10,business
1,11,2021,7,10,ideas
1,33,2021,7,10,business
1,33,2021,7,10,ideas
1,34,2021,7,10,business
1,34,2021,7,10,ideas
1,48,2021,7,10,business
1,48,2021,7,10,ideas
1,66,2021,7,10,business
1,66,2021,7,10,ideas
1,561,2021,7,10,how
1,561,2021,7,10,
1,561,2021,7,10,to
1,561,2021,7,10,overcome
1,561,2021,7,10,our
1,561,2021,7,10,stress
1,111,2021,7,10,how
1,111,2021,7,10,
1,111,2021,7,10,to
1,111,2021,7,10,overcome
1,111,2021,7,10,our
1,111,2021,7,10,stress
1,837,2021,7,10,how
1,837,2021,7,10,
1,837,2021,7,10,to
1,837,2021,7,10,overcome
1,837,2021,7,10,our
1,837,2021,7,10,stress
1,162,2021,7,10,how
1,162,2021,7,10,
1,162,2021,7,10,to
1,162,2021,7,10,overcome
1,162,2021,7,10,our
1,162,2021,7,10,stress
1,344,2021,7,10,how
1,344,2021,7,10,
1,344,2021,7,10,to
1,344,2021,7,10,overcome
1,344,2021,7,10,our
1,344,2021,7,10,stress
1,387,2021,7,10,how
1,387,2021,7,10,
1,387,2021,7,10,to
1,387,2021,7,10,overcome
1,387,2021,7,10,our
1,387,2021,7,10,stress
1,506,2021,7,10,how
1,506,2021,7,10,
1,506,2021,7,10,to
1,506,2021,7,10,overcome
1,506,2021,7,10,our
1,506,2021,7,10,stress
1,596,2021,7,10,how
1,596,2021,7,10,
1,596,2021,7,10,to
1,596,2021,7,10,overcome
1,596,2021,7,10,our
1,596,2021,7,10,stress
1,697,2021,7,10,how
1,697,2021,7,10,
1,697,2021,7,10,to
1,697,2021,7,10,overcome
1,697,2021,7,10,our
1,697,2021,7,10,stress
1,853,2021,7,10,how
1,853,2021,7,10,
1,853,2021,7,10,to
1,853,2021,7,10,overcome
1,853,2021,7,10,our
1,853,2021,7,10,stress
1,6,2021,7,10,business
1,6,2021,7,10,success
1,6,2021,7,10,stories
1,24,2021,7,10,business
1,24,2021,7,10,success
1,24,2021,7,10,stories
1,27,2021,7,10,business
1,27,2021,7,10,success
1,27,2021,7,10,stories
1,33,2021,7,10,business
1,33,2021,7,10,success
1,33,2021,7,10,stories
1,37,2021,7,10,business
1,37,2021,7,10,success
1,37,2021,7,10,stories
1,42,2021,7,10,business
1,42,2021,7,10,success
1,42,2021,7,10,stories
1,49,2021,7,10,business
1,49,2021,7,10,success
1,49,2021,7,10,stories
1,117,2021,7,10,business
1,117,2021,7,10,success
1,117,2021,7,10,stories
1,133,2021,7,10,business
1,133,2021,7,10,success
1,133,2021,7,10,stories
1,149,2021,7,10,business
1,149,2021,7,10,success
1,149,2021,7,10,stories
1,631,2021,7,10,investing
1,494,2021,7,10,investing
1,527,2021,7,10,investing
1,876,2021,7,10,investing
1,1175,2021,7,10,investing
1,878,2021,7,10,investing
1,1172,2021,7,10,investing
1,762,2021,7,10,investing
1,1280,2021,7,10,investing
1,797,2021,7,10,investing
